id,tender_number,tender_name,entity,category,fee,view,bidders,purchasers,nit,probed_at,updated_at
1,"2025/24/ أوباز","CONSTRUCTION OF PRIORITY INT.....","Public Authority for Special Economic Zones and Free Zones","Construction of Ports Roads Bridges Railways Dams and Mainte",3000.0,"In-Process Tenders","[{""company"": ""PREMIER INTERNATIONAL PROJECTS"", ""offer_type"": ""Main"", ""quoted_value"": ""13885850.000"", ""status"": ""Financial Bid Opened""}, {""company"": ""GALFAR ENGINEERING AND CONTRACTING"", ""offer_type"": ""Main"", ""quoted_value"": ""15995399.000"", ""status"": ""Financial Bid Opened""}, {""company"": ""OMAN GULF COMPANY SAOC"", ""offer_type"": ""Main"", ""quoted_value"": ""13997178.616"", ""status"": ""Financial Bid Opened""}, {""company"": ""AL HASHEMI AL RAWAS TRAD AND CONT"", ""offer_type"": ""Main"", ""quoted_value"": ""15106171.142"", ""status"": ""Financial Bid Opened""}, {""company"": ""GHARABLY INTEGRATED ENGINEERING COMPANY"", ""offer_type"": ""Main"", ""quoted_value"": ""25607917.367"", ""status"": ""Financial Bid Opened""}, {""company"": ""AZ ENGINEERS AND PARTNERS"", ""offer_type"": ""Main"", ""quoted_value"": ""14989270.885"", ""status"": ""Financial Bid Opened""}]","[{""reg_number"": ""00002320"", ""company"": ""OMAN GULF COMPANY SAOC"", ""company_type"": ""Local"", ""purchase_date"": ""25-12-2025 10:53""}, {""reg_number"": ""00000464"", ""company"": ""GALFAR ENGINEERING AND CONTRACTING"", ""company_type"": ""Local"", ""purchase_date"": ""01-01-2026 14:21""}, {""reg_number"": """", ""company"": ""GHARABLY INTEGRATED ENGINEERING COMPANY"", ""company_type"": ""International"", ""purchase_date"": ""05-01-2026 20:06""}, {""reg_number"": ""00002240"", ""company"": ""AL HASHEMI AL RAWAS TRAD AND CONT"", ""company_type"": ""Local"", ""purchase_date"": ""06-01-2026 08:54""}, {""reg_number"": """", ""company"": ""PORTEX INSAAT SANAYII TICARET LIMITED SIRKETI"", ""company_type"": ""International"", ""purchase_date"": ""06-01-2026 10:20""}, {""reg_number"": ""00001801"", ""company"": ""PREMIER INTERNATIONAL PROJECTS"", ""company_type"": ""Local"", ""purchase_date"": ""06-01-2026 11:57""}, {""reg_number"": ""00003776"", ""company"": ""AZ ENGINEERS AND PARTNERS"", ""company_type"": ""Local"", ""purchase_date"": ""06-01-2026 12:18""}]","{""title"": ""CONSTRUCTION OF PRIORITY INTERNAL INTEGTATED ROADS FOR BLOCKS 13, 53, 54, 55, 56, 60, & 61 OF SPECIAL ECONOMIC ZONE AT D"", ""governorate"": ""Al Wusta"", ""wilayat"": ""Al Duqm"", ""envelope"": ""Single Envelope""}","2026-05-02 01:37:26","2026-05-02 01:37:26"
2,"2025/8/م ع م ص/ م ر -8","CONSTRUCTION OF INFRASTRUCTU.....","Public Establishment for Industrial Estates","Construction of Ports Roads Bridges Railways Dams and Mainte",2500.0,"In-Process Tenders","[{""company"": ""HASSAN ALLAM CONSTRUCTION"", ""offer_type"": ""Main"", ""quoted_value"": ""45420801.857"", ""status"": ""Financial Bid Opened""}, {""company"": ""GALFAR ENGINEERING AND CONTRACTING"", ""offer_type"": ""Main"", ""quoted_value"": ""71688668.000"", ""status"": ""Financial Bid Opened""}, {""company"": ""EDECS EL DAWLIA FOR CONTRACTING"", ""offer_type"": ""Main"", ""quoted_value"": ""61839195.821"", ""status"": ""Financial Bid Opened""}, {""company"": ""THE ARAB CONTRACTORS OMAN LIMITED"", ""offer_type"": ""Main"", ""quoted_value"": ""61837641.056"", ""status"": ""Financial Bid Opened""}, {""company"": ""TOWELL INFRASTRUCTURE PROJECTS CO"", ""offer_type"": ""Main"", ""quoted_value"": ""59407808.999"", ""status"": ""Financial Bid Opened""}, {""company"": ""UNITED GULF CONSTRUCTION COMPANY W L L"", ""offer_type"": ""Main"", ""quoted_value"": ""53978060.787"", ""status"": ""Financial Bid Opened""}, {""company"": ""THE PETROLEUM PROJECTS AND TECHNICAL CONSULTAION CO"", ""offer_type"": ""Main"", ""quoted_value"": """", ""status"": ""Technical Bid Opened""}, {""company"": ""TARGET"", ""offer_type"": ""Main"", ""quoted_value"": """", ""status"": ""Technical Bid Opened""}, {""company"": ""AL- GHARBIA ENTERPRISES TRADIG AND CONTRACTING COMPANY"", ""offer_type"": ""Main"", ""quoted_value"": """", ""status"": ""Technical Bid Opened""}, {""company"": ""EGYPTIAN CONTRACTING CO & PARTENER"", ""offer_type"": ""Main"", ""quoted_value"": """", ""status"": ""Technical Bid Opened""}]","[{""reg_number"": """", ""company"": ""UNITED GULF CONSTRUCTION COMPANY W L L"", ""company_type"": ""International"", ""purchase_date"": ""22-10-2025 12:56""}, {""reg_number"": ""00001882"", ""company"": ""STRABAG OMAN"", ""company_type"": ""Local"", ""purchase_date"": ""23-10-2025 12:54""}, {""reg_number"": ""00000752"", ""company"": ""AL- GHARBIA ENTERPRISES TRADIG AND CONTRACTING COMPANY"", ""company_type"": ""Local"", ""purchase_date"": ""27-10-2025 14:58""}, {""reg_number"": """", ""company"": ""CHINA NATIONAL CHEMICAL SHUGUANG CONSTRUCTION"", ""company_type"": ""International"", ""purchase_date"": ""30-10-2025 13:03""}, {""reg_number"": ""00002535"", ""company"": ""TOWELL INFRASTRUCTURE PROJECTS CO"", ""company_type"": ""Local"", ""purchase_date"": ""30-10-2025 18:10""}, {""reg_number"": ""00002244"", ""company"": ""EGYPTIAN CONTRACTING CO & PARTENER"", ""company_type"": ""Local"", ""purchase_date"": ""01-11-2025 11:29""}, {""reg_number"": ""00002729"", ""company"": ""MARMUL CONTRACTING AND TRADING"", ""company_type"": ""Local"", ""purchase_date"": ""02-11-2025 08:12""}, {""reg_number"": ""00001255"", ""company"": ""The Arab Contractors Oman Limited"", ""company_type"": ""Local"", ""purchase_date"": ""02-11-2025 10:10""}, {""reg_number"": ""00000464"", ""company"": ""GALFAR ENGINEERING AND CONTRACTING"", ""company_type"": ""Local"", ""purchase_date"": ""02-11-2025 10:14""}, {""reg_number"": """", ""company"": ""SERKA TAAHHUT INSAAT AS"", ""company_type"": ""International"", ""purchase_date"": ""02-11-2025 10:50""}, {""reg_number"": """", ""company"": ""THE PETROLEUM PROJECTS AND TECHNICAL CONSULTAION CO"", ""company_type"": ""International"", ""purchase_date"": ""03-11-2025 11:53""}, {""reg_number"": """", ""company"": ""PORTEX INSAAT SANAYII TICARET LIMITED SIRKETI"", ""company_type"": ""International"", ""purchase_date"": ""06-11-2025 12:12""}, {""reg_number"": """", ""company"": ""EDECS EL DAWLIA FOR CONTRACTING"", ""company_type"": ""International"", ""purchase_date"": ""06-11-2025 12:35""}, {""reg_number"": ""00009501"", ""company"": ""Hassan Allam Construction"", ""company_type"": ""Local"", ""purchase_date"": ""12-11-2025 10:16""}, {""reg_number"": ""00002320"", ""company"": ""OMAN GULF COMPANY SAOC"", ""company_type"": ""Local"", ""purchase_date"": ""12-11-2025 10:17""}, {""reg_number"": ""00002693"", ""company"": ""TARGET"", ""company_type"": ""Local"", ""purchase_date"": ""12-11-2025 16:51""}]","{""title"": ""CONSTRUCTION OF INFRASTRUCTURE AND FACILITIES (FACILITY BUILDING, PLUG AND PLAY, GREEN HOUSE) AT SUWAIQ INDUSTRIAL CITY "", ""governorate"": ""Muscat"", ""wilayat"": ""Muscat"", ""envelope"": ""Two Envelope""}","2026-05-02 01:37:26","2026-05-02 01:37:26"
3,"2026/18/هـ م م م","CONSTRUCTION OF FLOOD PROTEC.....","Ministry of Agricultural, Fisheries Wealth and Water Resourc","Construction of Ports Roads Bridges Railways Dams and Mainte",1500.0,"New/Floated Tenders",[],"[{""reg_number"": ""00002456"", ""company"": ""Hoehler and Al Salmy Architectural and Engineering Consultanc"", ""company_type"": ""SME"", ""purchase_date"": ""16-04-2026 15:11""}, {""reg_number"": ""00011408"", ""company"": ""KHUTUT WA ROUA ENGINEERING CONSULTANCY"", ""company_type"": ""SME"", ""purchase_date"": ""16-04-2026 15:38""}, {""reg_number"": ""00003451"", ""company"": ""Artelia Muscat Engineering Consultancy"", ""company_type"": ""Local"", ""purchase_date"": ""16-04-2026 16:11""}, {""reg_number"": ""00009558"", ""company"": ""carbon engineering consultancy"", ""company_type"": ""SME"", ""purchase_date"": ""16-04-2026 17:52""}, {""reg_number"": ""00000527"", ""company"": ""CAPITAL ENGINEERING CONSULTING"", ""company_type"": ""Local"", ""purchase_date"": ""17-04-2026 10:47""}, {""reg_number"": ""00014979"", ""company"": ""EJAZ INTERNATIONAL"", ""company_type"": ""Local"", ""purchase_date"": ""18-04-2026 18:31""}, {""reg_number"": ""00009938"", ""company"": ""Bonyan Construction"", ""company_type"": ""SME"", ""purchase_date"": ""18-04-2026 19:51""}, {""reg_number"": ""00001972"", ""company"": ""ABDULLA MUKADAM AND  PARTNER LLC"", ""company_type"": ""Local"", ""purchase_date"": ""19-04-2026 09:06""}, {""reg_number"": ""00015688"", ""company"": ""ERTIKAZA"", ""company_type"": ""SME"", ""purchase_date"": ""19-04-2026 09:41""}, {""reg_number"": ""00001324"", ""company"": ""almanarah engineering consultancy"", ""company_type"": ""SME"", ""purchase_date"": ""19-04-2026 10:08""}, {""reg_number"": ""00003021"", ""company"": ""MUSCAT DESIGN CENTRE AND PARTNERS LLC"", ""company_type"": ""SME"", ""purchase_date"": ""19-04-2026 11:00""}, {""reg_number"": ""00004288"", ""company"": ""Dar SSH International Engineering Consultants"", ""company_type"": ""Local"", ""purchase_date"": ""19-04-2026 11:27""}, {""reg_number"": ""00001932"", ""company"": ""RAZEEN ENGINEERING CONSULTANCY"", ""company_type"": ""Local"", ""purchase_date"": ""20-04-2026 09:16""}, {""reg_number"": ""00004315"", ""company"": ""IBRAHIM JAIDAH ARCHITECTS AND ENGINEERS"", ""company_type"": ""Local"", ""purchase_date"": ""20-04-2026 10:44""}, {""reg_number"": ""00008252"", ""company"": ""ARABTECH JARDANEH INTERNATIONAL"", ""company_type"": ""Local"", ""purchase_date"": ""20-04-2026 10:50""}, {""reg_number"": ""00001543"", ""company"": ""AL-MEEDANIA ENG CONSULTANCY"", ""company_type"": ""SME"", ""purchase_date"": ""20-04-2026 11:50""}, {""reg_number"": ""00008330"", ""company"": ""Maonah Engineering Consultancy"", ""company_type"": ""SME"", ""purchase_date"": ""20-04-2026 13:20""}, {""reg_number"": ""00003318"", ""company"": ""Sabla Architects Engineers Construction"", ""company_type"": ""SME"", ""purchase_date"": ""21-04-2026 09:35""}, {""reg_number"": ""00006206"", ""company"": ""MASHHAD CONSULTANCY"", ""company_type"": ""SME"", ""purchase_date"": ""21-04-2026 11:35""}, {""reg_number"": ""00011411"", ""company"": ""LIWAN FOR DEVELOPMENT"", ""company_type"": ""SME"", ""purchase_date"": ""21-04-2026 14:44""}, {""reg_number"": ""00004691"", ""company"": ""F M MIDDLE EAST ENGINEERING CONSULTANCY LLC"", ""company_type"": ""Local"", ""purchase_date"": ""21-04-2026 16:55""}, {""reg_number"": ""00014506"", ""company"": ""THE INNOVATIVE BUNYAN"", ""company_type"": ""SME"", ""purchase_date"": ""23-04-2026 10:20""}, {""reg_number"": ""00009791"", ""company"": ""ALSAS ENGINEERING CONSULTANCY AND SERVICES"", ""company_type"": ""SME"", ""purchase_date"": ""23-04-2026 12:54""}, {""reg_number"": ""00000854"", ""company"": ""ARAB ENGNEERING"", ""company_type"": ""Local"", ""purchase_date"": ""23-04-2026 13:50""}, {""reg_number"": ""00001268"", ""company"": ""ENGINEERING INNOVATION DESIGN AND CONSULTING LLC"", ""company_type"": ""Local"", ""purchase_date"": ""25-04-2026 19:45""}, {""reg_number"": ""00002791"", ""company"": ""TUSKER ENGINEERING CONSULTANCY GROUP"", ""company_type"": ""SME"", ""purchase_date"": ""26-04-2026 13:16""}]","{""title"": ""Consultancy Services for Interior Design Services for New ASYAD Group Headquarters (Building 02 & 03)"", ""governorate"": ""Muscat"", ""wilayat"": ""Muscat"", ""envelope"": ""Two Envelope""}","2026-05-02 01:37:26","2026-05-02 01:37:26"
4,"2025/64/بيئة/ م ر -24 - اعادة طرح - 1","Operation and Maintenance fo.....","Oman Environmental Services Holding Company (S.A.O.C)","Services [Excellent,First,Second,Third,Fourth]",1500.0,"New/Floated Tenders",[],"[{""reg_number"": ""00015376"", ""company"": ""MAQSHAN OIL&GAS SERVICES SAOC"", ""company_type"": ""Local"", ""purchase_date"": ""06-01-2026 08:43""}, {""reg_number"": ""00007386"", ""company"": ""ECO VISION"", ""company_type"": ""Local"", ""purchase_date"": ""06-01-2026 11:11""}, {""reg_number"": ""00016686"", ""company"": ""TIALOC AL RAMOOZ NATIONAL"", ""company_type"": ""Local"", ""purchase_date"": ""07-01-2026 09:50""}, {""reg_number"": """", ""company"": ""INDAVER NV"", ""company_type"": ""International"", ""purchase_date"": ""09-01-2026 17:47""}, {""reg_number"": ""00000479"", ""company"": ""ALAHLIAENVIRONMENTALSERVICE COLLC"", ""company_type"": ""Local"", ""purchase_date"": ""11-01-2026 11:47""}, {""reg_number"": ""00006777"", ""company"": ""VERDE WASTE MANAGEMENT"", ""company_type"": ""Local"", ""purchase_date"": ""12-01-2026 10:09""}, {""reg_number"": ""00000442"", ""company"": ""Veolia Al Bashaer"", ""company_type"": ""Local"", ""purchase_date"": ""13-01-2026 22:01""}, {""reg_number"": """", ""company"": ""ASPEC"", ""company_type"": ""International"", ""purchase_date"": ""20-01-2026 11:04""}, {""reg_number"": ""00011543"", ""company"": ""DISTINGUISHED GULF DEPTHS"", ""company_type"": ""SME"", ""purchase_date"": ""21-01-2026 11:44""}, {""reg_number"": ""00002533"", ""company"": ""PUBLIC TECHNICAL PROJECTS"", ""company_type"": ""SME"", ""purchase_date"": ""25-01-2026 21:39""}, {""reg_number"": ""00006696"", ""company"": ""Urbaser"", ""company_type"": ""Local"", ""purchase_date"": ""10-02-2026 15:43""}, {""reg_number"": """", ""company"": ""ESTEDAMA FOR ENVIRONMENTAL SOLUTIONS AND CONTRACTING CO"", ""company_type"": ""International"", ""purchase_date"": ""11-02-2026 13:09""}]","{""title"": ""Operation and Maintenance for INDUSTRIAL WASTE TREATMENT FACILITY IN SOHAR FREE ZONE"", ""governorate"": ""Muscat"", ""wilayat"": ""Muscat"", ""envelope"": ""Single Envelope""}","2026-05-02 01:37:26","2026-05-02 01:37:26"
5,"2025/58/بيئة/ م ر -23","National Naturally Occurring.....","Oman Environmental Services Holding Company (S.A.O.C)","Services [Excellent,First,Second,Third,Fourth]",1500.0,"New/Floated Tenders",[],"[{""reg_number"": ""00006083"", ""company"": ""BAUER NIMR LLC"", ""company_type"": ""Local"", ""purchase_date"": ""25-11-2025 15:48""}, {""reg_number"": ""00003482"", ""company"": ""Veolia"", ""company_type"": ""Local"", ""purchase_date"": ""25-11-2025 18:16""}, {""reg_number"": """", ""company"": ""PRICEWATERHOUSECOOPERS"", ""company_type"": ""International"", ""purchase_date"": ""30-11-2025 18:14""}, {""reg_number"": ""00001333"", ""company"": ""TAWOOS INDUSTRIAL SERVICES COMPANY LLC"", ""company_type"": ""Local"", ""purchase_date"": ""01-12-2025 15:48""}, {""reg_number"": ""00015596"", ""company"": ""Al Ramooz National Sustainability"", ""company_type"": ""Local"", ""purchase_date"": ""01-12-2025 16:44""}, {""reg_number"": ""00002527"", ""company"": ""ARABIAN INDUSTRIES PROJECTS LLC"", ""company_type"": ""Local"", ""purchase_date"": ""02-12-2025 11:35""}, {""reg_number"": ""00006879"", ""company"": ""Ras AL-Hamra"", ""company_type"": ""SME"", ""purchase_date"": ""03-12-2025 12:19""}, {""reg_number"": ""00015376"", ""company"": ""MAQSHAN OIL&GAS SERVICES SAOC"", ""company_type"": ""Local"", ""purchase_date"": ""04-12-2025 10:47""}, {""reg_number"": ""00006894"", ""company"": ""NATIONAL FRIENDLY ENVIRONMENT L L C"", ""company_type"": ""SME"", ""purchase_date"": ""07-12-2025 14:17""}, {""reg_number"": ""00006777"", ""company"": ""VERDE WASTE MANAGEMENT"", ""company_type"": ""Local"", ""purchase_date"": ""08-12-2025 09:47""}, {""reg_number"": """", ""company"": ""TECAM ENVIRONMENTAL SOLUTIONS"", ""company_type"": ""International"", ""purchase_date"": ""11-12-2025 19:00""}, {""reg_number"": ""00014253"", ""company"": ""Synergy Investments"", ""company_type"": ""Local"", ""purchase_date"": ""15-12-2025 11:15""}]","{""title"": ""National Naturally Occurring Radioactive Material Waste Management and Treatment Facility Oman (National NORM Facility O"", ""governorate"": ""Muscat"", ""wilayat"": ""Muscat"", ""envelope"": ""Single Envelope""}","2026-05-02 01:37:26","2026-05-02 01:37:26"
6,"2025/69/ ا ع م م","DESIGN AND BUILD UPGRADING A.....","Ministry of Transport Communications and Information Technol","Construction of Ports Roads Bridges Railways Dams and Mainte",1200.0,"In-Process Tenders","[{""company"": ""AL HASHEMI AL RAWAS TRAD AND CONT"", ""offer_type"": ""Main"", ""quoted_value"": ""8880812.325"", ""status"": ""Financial Bid Opened""}, {""company"": ""SAROOJ CONSTRUCTION COMPANY"", ""offer_type"": ""Main"", ""quoted_value"": ""7350547.680"", ""status"": ""Financial Bid Opened""}, {""company"": ""OMAN GULF COMPANY SAOC"", ""offer_type"": ""Main"", ""quoted_value"": ""12659748.608"", ""status"": ""Financial Bid Opened""}, {""company"": ""OMAN GULF COMPANY SAOC"", ""offer_type"": ""Alternate1"", ""quoted_value"": ""12802297.065"", ""status"": ""Financial Bid Opened""}, {""company"": ""OMAN GULF COMPANY SAOC"", ""offer_type"": ""Alternate2"", ""quoted_value"": ""13373646.501"", ""status"": ""Financial Bid Opened""}, {""company"": ""AL TASNIM ENTERPRISES"", ""offer_type"": ""Main"", ""quoted_value"": ""7999537.390"", ""status"": ""Financial Bid Opened""}, {""company"": ""AL TASNIM ENTERPRISES"", ""offer_type"": ""Alternate1"", ""quoted_value"": ""8249537.390"", ""status"": ""Financial Bid Opened""}, {""company"": ""SUN SHINE INTERNATIONAL L L C"", ""offer_type"": ""Main"", ""quoted_value"": """", ""status"": ""Technical Bid Opened""}, {""company"": ""AL RAFAH TRADING AND CONTRACTION COMPANY"", ""offer_type"": ""Main"", ""quoted_value"": """", ""status"": ""Technical Bid Opened""}, {""company"": ""HIGH TOWER DEVELOPMENT & INVESTMENT"", ""offer_type"": ""Main"", ""quoted_value"": """", ""status"": ""Technical Bid Opened""}, {""company"": ""STRABAG OMAN"", ""offer_type"": ""Main"", ""quoted_value"": """", ""status"": ""Technical Bid Opened""}, {""company"": ""STRABAG OMAN"", ""offer_type"": ""Alternate1"", ""quoted_value"": """", ""status"": ""Technical Bid Opened""}, {""company"": ""AMWAJ DHOFAR UNITED"", ""offer_type"": ""Main"", ""quoted_value"": """", ""status"": ""Technical Bid Opened""}, {""company"": ""SUHAR DEVELOPER"", ""offer_type"": ""Main"", ""quoted_value"": """", ""status"": ""Technical Bid Opened""}, {""company"": ""RIMAL GLOBAL TECHNICAL SERVICES"", ""offer_type"": ""Main"", ""quoted_value"": """", ""status"": ""Technical Bid Opened""}, {""company"": ""RIMAL GLOBAL TECHNICAL SERVICES"", ""offer_type"": ""Alternate1"", ""quoted_value"": """", ""status"": ""Technical Bid Opened""}, {""company"": ""SHUAA ALFATH GOLDEN TRADING"", ""offer_type"": ""Main"", ""quoted_value"": """", ""status"": ""Technical Bid Opened""}, {""company"": ""FAGER OMAN TRAD AND CONT CO"", ""offer_type"": ""Main"", ""quoted_value"": """", ""status"": ""Technical Bid Opened""}]","[{""reg_number"": ""00005424"", ""company"": ""SUHAR DEVELOPER"", ""company_type"": ""SME"", ""purchase_date"": ""20-08-2025 17:03""}, {""reg_number"": ""00008528"", ""company"": ""UNITED THUMTAIT LINES"", ""company_type"": ""SME"", ""purchase_date"": ""21-08-2025 12:01""}, {""reg_number"": ""00001551"", ""company"": ""AMWAJ DHOFAR UNITED"", ""company_type"": ""SME"", ""purchase_date"": ""24-08-2025 10:58""}, {""reg_number"": ""00001882"", ""company"": ""STRABAG OMAN"", ""company_type"": ""Local"", ""purchase_date"": ""24-08-2025 12:15""}, {""reg_number"": ""00010467"", ""company"": ""HORMUZ EAGLE"", ""company_type"": ""SME"", ""purchase_date"": ""25-08-2025 12:11""}, {""reg_number"": ""00008289"", ""company"": ""OMAN ENGINEERING AND CONTRACTING CO"", ""company_type"": ""SME"", ""purchase_date"": ""25-08-2025 12:31""}, {""reg_number"": ""00001941"", ""company"": ""AL RAFAH TRADING AND CONTRACTION COMPANY"", ""company_type"": ""SME"", ""purchase_date"": ""25-08-2025 12:34""}, {""reg_number"": ""00002240"", ""company"": ""AL HASHEMI AL RAWAS TRAD AND CONT"", ""company_type"": ""Local"", ""purchase_date"": ""25-08-2025 14:32""}, {""reg_number"": ""00000430"", ""company"": ""HIGH TOWER DEVELOPMENT & INVESTMENT"", ""company_type"": ""SME"", ""purchase_date"": ""26-08-2025 17:36""}, {""reg_number"": ""00000113"", ""company"": ""RIMAL GLOBAL TECHNICAL SERVICES"", ""company_type"": ""Local"", ""purchase_date"": ""27-08-2025 09:05""}, {""reg_number"": ""00002729"", ""company"": ""MARMUL CONTRACTING AND TRADING"", ""company_type"": ""Local"", ""purchase_date"": ""27-08-2025 09:06""}, {""reg_number"": ""00001525"", ""company"": ""AL HARSOOSY TRADING AND CONTRACTING COMPANY"", ""company_type"": ""SME"", ""purchase_date"": ""27-08-2025 11:58""}, {""reg_number"": ""00003112"", ""company"": ""AL TASNIM ENTERPRISES"", ""company_type"": ""Local"", ""purchase_date"": ""27-08-2025 14:56""}, {""reg_number"": ""00009841"", ""company"": ""SHUAA ALFATH GOLDEN TRADING"", ""company_type"": ""SME"", ""purchase_date"": ""28-08-2025 09:05""}, {""reg_number"": ""00009837"", ""company"": ""SUN SHINE INTERNATIONAL L L C"", ""company_type"": ""Local"", ""purchase_date"": ""28-08-2025 09:56""}, {""reg_number"": ""00010025"", ""company"": ""ALAMJAD CONSTRUCTION AND ENGINEERING AND SERVICES"", ""company_type"": ""Local"", ""purchase_date"": ""28-08-2025 10:08""}, {""reg_number"": ""00002305"", ""company"": ""Sarooj Construction Company"", ""company_type"": ""Local"", ""purchase_date"": ""28-08-2025 10:34""}, {""reg_number"": ""00008139"", ""company"": ""SAD AL KHALEJ ENGENEERING"", ""company_type"": ""SME"", ""purchase_date"": ""31-08-2025 15:23""}, {""reg_number"": ""00001876"", ""company"": ""AL TEHOON TRAD AND CONT CO"", ""company_type"": ""SME"", ""purchase_date"": ""01-09-2025 13:14""}, {""reg_number"": ""00006195"", ""company"": ""SUHOOL HAMRA AL DAROU CO ASSTD"", ""company_type"": ""Local"", ""purchase_date"": ""02-09-2025 14:43""}, {""reg_number"": ""00000415"", ""company"": ""TILAL NIMAR TRADING AND CONSTRACTING"", ""company_type"": ""Local"", ""purchase_date"": ""02-09-2025 15:52""}, {""reg_number"": ""00002320"", ""company"": ""OMAN GULF COMPANY SAOC"", ""company_type"": ""Local"", ""purchase_date"": ""03-09-2025 10:21""}, {""reg_number"": ""00003668"", ""company"": ""FAGER OMAN TRAD AND CONT CO"", ""company_type"": ""SME"", ""purchase_date"": ""03-09-2025 11:49""}]","{""title"": ""DESIGN AND BUILD UPGRADING AND DUALIZATION OF SOHAR LINK ROAD FROM SLAUGHTERHOUSE ROUNDABOUT TO BATINAH EXPRESSWAY IN NO"", ""governorate"": ""Muscat"", ""wilayat"": ""Muscat"", ""envelope"": ""Two Envelope""}","2026-05-02 01:37:26","2026-05-02 01:37:26"
7,"2017/8/ ع ن ع","Duct Laying, Chamber Constru.....","Oman Broadband Company SAOC","Construction Works (Old) [Excellent,First,Second,Third,Fourt",800.0,"New/Floated Tenders",[],"[{""reg_number"": ""00001498"", ""company"": ""CIVIL CONTRACTING CO LLC"", ""company_type"": ""Local"", ""purchase_date"": ""17-01-2017 16:09""}, {""reg_number"": ""00000263"", ""company"": ""SECOND POWER"", ""company_type"": ""Local"", ""purchase_date"": ""17-01-2017 16:53""}, {""reg_number"": ""00001876"", ""company"": ""AL TEHOON TRAD AND CONT CO"", ""company_type"": ""SME"", ""purchase_date"": ""23-01-2017 19:20""}, {""reg_number"": ""00004534"", ""company"": ""ANCHORED SHIPS"", ""company_type"": ""Local"", ""purchase_date"": ""24-01-2017 10:55""}, {""reg_number"": ""00000963"", ""company"": ""AWASSER TECH LLC"", ""company_type"": ""SME"", ""purchase_date"": ""24-01-2017 13:22""}]","{""title"": ""Duct Laying, Chamber Construction and FTTH Network in Al Khoud Area 7"", ""governorate"": ""Muscat"", ""wilayat"": ""ASeeb"", ""envelope"": ""Single Envelope""}","2026-05-02 01:37:26","2026-05-02 01:37:26"
8,"2025/55/ أسياد","Provision of Consolidated Ma.....",ASYAD,"Supply [Excellent,First,Second,Third,Fourth]",750.0,"In-Process Tenders","[{""company"": ""AMLAAK ENERGY RESOURCES"", ""offer_type"": ""Main"", ""quoted_value"": ""88288.000"", ""status"": ""Financial Bid Opened""}, {""company"": ""MARAFI SERVICES"", ""offer_type"": ""Main"", ""quoted_value"": ""58837.000"", ""status"": ""Financial Bid Opened""}, {""company"": ""OSTOOL BUNKERING"", ""offer_type"": ""Main"", ""quoted_value"": ""3000000.000"", ""status"": ""Financial Bid Opened""}, {""company"": ""GLOBAL OIL RESOURCES"", ""offer_type"": ""Main"", ""quoted_value"": ""7550400.000"", ""status"": ""Financial Bid Opened""}, {""company"": ""AL MAHA PETROLEUM PRODUCTS MARKETING"", ""offer_type"": ""Main"", ""quoted_value"": ""1500000.000"", ""status"": ""Financial Bid Opened""}]","[{""reg_number"": ""00009160"", ""company"": ""OSTOOL BUNKERING"", ""company_type"": ""SME"", ""purchase_date"": ""30-10-2025 16:38""}, {""reg_number"": ""00011280"", ""company"": ""Marafi services"", ""company_type"": ""Local"", ""purchase_date"": ""30-10-2025 16:40""}, {""reg_number"": ""00016841"", ""company"": ""Global Oil Resources"", ""company_type"": ""SME"", ""purchase_date"": ""13-11-2025 11:43""}, {""reg_number"": ""00000287"", ""company"": ""AL MAHA PETROLEUM PRODUCTS MARKETING"", ""company_type"": ""Local"", ""purchase_date"": ""13-11-2025 12:22""}, {""reg_number"": ""00000837"", ""company"": ""AMLAAK ENERGY RESOURCES"", ""company_type"": ""SME"", ""purchase_date"": ""18-11-2025 11:52""}]","{""title"": ""Provision of Consolidated Marine Bunkering Services on Call-off Basis for Asyad Group"", ""governorate"": ""Muscat"", ""wilayat"": ""Muscat"", ""envelope"": ""Two Envelope""}","2026-05-02 01:37:26","2026-05-02 01:37:26"
9,"2026/2/ أسياد","Providing Stevedoring Servic.....",ASYAD,"Services [Excellent,First,Second,Third,Fourth]",750.0,"In-Process Tenders","[{""company"": ""ZHOUSHAN XINYA SHIPYARD CO LTD"", ""offer_type"": ""Main"", ""quoted_value"": ""Financial Bid Opened"", ""status"": """"}, {""company"": ""ASYAD DRY DOCK COMPANY"", ""offer_type"": ""Main"", ""quoted_value"": ""Financial Bid Opened"", ""status"": """"}, {""company"": ""ZHOUSHAN HUAFENG SHIPYARD CO LTD"", ""offer_type"": ""Main"", ""quoted_value"": ""Financial Bid Opened"", ""status"": """"}, {""company"": ""IMCZY"", ""offer_type"": ""Main"", ""quoted_value"": ""Financial Bid Opened"", ""status"": """"}]",[],"{""title"": ""Appointing Shipyard for ASC fleet (Special Survey Docking) for Vessel Samail"", ""governorate"": ""Muscat"", ""wilayat"": ""Muscat"", ""envelope"": ""Single Envelope""}","2026-05-02 01:37:26","2026-05-02 01:37:26"
10,"2026/7/مواصلات/ م ر -5","Framework agreement for the .....","Oman National Transport Company S.A.O.C.(Mwasalat)","Supply [Excellent,First,Second,Third,Fourth]",500.0,"New/Floated Tenders","[{""company"": ""ONE ZERO ONE"", ""offer_type"": ""Main"", ""quoted_value"": ""9922.500"", ""status"": ""Financial Bid Opened""}]",[],"{""title"": ""\u0627\u0644\u062d\u0645\u0644\u0629 \u0627\u0644\u0625\u0639\u0644\u0627\u0645\u064a\u0629 \u0644\u0645\u0634\u0631\u0648\u0639 \u0627\u0644\u0627\u0639\u062a\u0631\u0627\u0641 \u0627\u0644\u062f\u0648\u0644\u064a"", ""governorate"": ""Muscat"", ""wilayat"": ""ASeeb"", ""envelope"": ""Single Envelope""}","2026-05-02 01:37:26","2026-05-02 01:37:26"
11,"2019/1/ع ح ج/ م ر -1","Supply & Construction of.....","Asyad Drydock Company LLC","Construction Works (Old) [Excellent,First,Second,Third,Fourt",500.0,"New/Floated Tenders",[],[],"{""title"": ""Supply & Construction of 1500 Concrete Keel Block"", ""governorate"": ""Muscat"", ""wilayat"": ""Muscat"", ""envelope"": ""Two Envelope""}","2026-05-02 01:37:26","2026-05-02 01:37:26"
12,"2019/3/ع ح ج/ م ر -3","PURCHASE OF EQUIPMENT FOR MA.....","Asyad Drydock Company LLC","Supply and Services (Old) [Excellent,First,Second,Third,Four",500.0,"New/Floated Tenders",[],[],"{""title"": ""Mobile Documents Box"", ""governorate"": ""Muscat"", ""wilayat"": ""Bowsher"", ""envelope"": ""Single Envelope""}","2026-05-02 01:37:26","2026-05-02 01:37:26"
13,"2025/9/م ع م ص/ م ر -9 - اعادة طرح - 1","CONSTRUCTION OF INFRASTRUCTU.....","Public Establishment for Industrial Estates","Construction of Ports Roads Bridges Railways Dams and Mainte",500.0,"In-Process Tenders","[{""company"": ""FAHUD TOWERS TRADING"", ""offer_type"": ""Main"", ""quoted_value"": """", ""status"": ""Technical Bid Opened""}, {""company"": ""PREMIER INTERNATIONAL PROJECTS"", ""offer_type"": ""Main"", ""quoted_value"": """", ""status"": ""Technical Bid Opened""}]","[{""reg_number"": ""00005359"", ""company"": ""FAHUD TOWERS TRADING"", ""company_type"": ""SME"", ""purchase_date"": ""26-01-2026 18:55""}, {""reg_number"": ""00001801"", ""company"": ""PREMIER INTERNATIONAL PROJECTS"", ""company_type"": ""Local"", ""purchase_date"": ""04-02-2026 08:51""}, {""reg_number"": ""00016605"", ""company"": ""INDUSTRIAL TECHNOLOGY SERVICES"", ""company_type"": ""Local"", ""purchase_date"": ""04-02-2026 12:05""}, {""reg_number"": ""00004316"", ""company"": ""THE PETROLEUM PROJECTS COMPANY PETROJET AND PARTNERS"", ""company_type"": ""Local"", ""purchase_date"": ""08-02-2026 12:47""}]","{""title"": ""CONSTRUCTION OF INFRASTRUCTURE FACILITIES AND PLUG & PLAY INDUSTRIAL COMPLEX AT MADHA INDUSTRIAL CITY IN MUSANDAM GOVERN"", ""governorate"": ""Muscat"", ""wilayat"": ""Muscat"", ""envelope"": ""Two Envelope""}","2026-05-02 01:37:26","2026-05-02 01:37:26"
14,"2025/10/م ع م ص/ م ر -10","Construction of Entrepreneur.....","Public Establishment for Industrial Estates","Construction and Maintenance [Excellent]",500.0,"In-Process Tenders","[{""company"": ""NAFAL CONTRACTING AND TRADING CO LLC"", ""offer_type"": ""Main"", ""quoted_value"": ""10775708.501"", ""status"": ""Financial Bid Opened""}, {""company"": ""ATLANTIC CONSTRUCTION LLC"", ""offer_type"": ""Main"", ""quoted_value"": ""9297144.603"", ""status"": ""Financial Bid Opened""}, {""company"": ""AL KHALILI CONSTRUCTION"", ""offer_type"": ""Main"", ""quoted_value"": ""8192392.555"", ""status"": ""Financial Bid Opened""}, {""company"": ""OASIS GRACE"", ""offer_type"": ""Main"", ""quoted_value"": ""9499412.510"", ""status"": ""Financial Bid Opened""}, {""company"": ""SAIF SALIM ESSA AL HARASI AND CO LLC"", ""offer_type"": ""Main"", ""quoted_value"": ""10611160.000"", ""status"": ""Financial Bid Opened""}, {""company"": ""ALYAM ENTERPRISES LLC"", ""offer_type"": ""Main"", ""quoted_value"": """", ""status"": ""Technical Bid Opened""}, {""company"": ""DIRECT SERVICES"", ""offer_type"": ""Main"", ""quoted_value"": """", ""status"": ""Technical Bid Opened""}, {""company"": ""AL RAWDHA WORLD CENTER TRADING AND CONTRACTING LLC"", ""offer_type"": ""Main"", ""quoted_value"": """", ""status"": ""Technical Bid Opened""}, {""company"": ""KHIMJI RAMDAS CONSTRUCTION"", ""offer_type"": ""Main"", ""quoted_value"": """", ""status"": ""Technical Bid Opened""}]","[{""reg_number"": ""00000453"", ""company"": ""Khimji Ramdas Construction"", ""company_type"": ""Local"", ""purchase_date"": ""21-10-2025 12:35""}, {""reg_number"": ""00003292"", ""company"": ""ASSARAIN INTERNATIOAL CONTRACTING CO LLC"", ""company_type"": ""Local"", ""purchase_date"": ""26-10-2025 08:51""}, {""reg_number"": ""00002152"", ""company"": ""ALYAM ENTERPRISES LLC"", ""company_type"": ""Local"", ""purchase_date"": ""26-10-2025 15:54""}, {""reg_number"": ""00001118"", ""company"": ""LOTUS CONSTRUCTIONS AND REAL ESTATE INVESTMENT"", ""company_type"": ""SME"", ""purchase_date"": ""26-10-2025 17:28""}, {""reg_number"": ""00003269"", ""company"": ""AL RAWDHA WORLD CENTER TRADING AND CONTRACTING LLC"", ""company_type"": ""Local"", ""purchase_date"": ""29-10-2025 11:55""}, {""reg_number"": ""00000665"", ""company"": ""NAFAL CONTRACTING AND TRADING CO LLC"", ""company_type"": ""Local"", ""purchase_date"": ""29-10-2025 14:13""}, {""reg_number"": ""00003528"", ""company"": ""ATLANTIC CONSTRUCTION LLC"", ""company_type"": ""Local"", ""purchase_date"": ""30-10-2025 17:45""}, {""reg_number"": ""00001639"", ""company"": ""DIRECT SERVICES"", ""company_type"": ""Local"", ""purchase_date"": ""02-11-2025 08:17""}, {""reg_number"": ""00003290"", ""company"": ""SAIF SALIM ESSA AL HARASI AND CO LLC"", ""company_type"": ""Local"", ""purchase_date"": ""02-11-2025 09:31""}, {""reg_number"": ""00001835"", ""company"": ""AL KHALILI CONSTRUCTION"", ""company_type"": ""Local"", ""purchase_date"": ""02-11-2025 11:50""}, {""reg_number"": ""00004816"", ""company"": ""Eshraq Engineering and Investment Company"", ""company_type"": ""Local"", ""purchase_date"": ""02-11-2025 13:44""}, {""reg_number"": ""00001714"", ""company"": ""AL RAFAA TRADING AND CONTRACTING LLC"", ""company_type"": ""Local"", ""purchase_date"": ""03-11-2025 08:52""}, {""reg_number"": ""00000850"", ""company"": ""OASIS GRACE"", ""company_type"": ""Local"", ""purchase_date"": ""03-11-2025 09:33""}, {""reg_number"": ""00001239"", ""company"": ""Mustafa and Kamal Ashraf Trading Co"", ""company_type"": ""Local"", ""purchase_date"": ""03-11-2025 12:07""}]","{""title"": ""Construction of Entrepreneurship Industrial complex in Rusayl Industrial City"", ""governorate"": ""Muscat"", ""wilayat"": ""Muscat"", ""envelope"": ""Two Envelope""}","2026-05-02 01:37:26","2026-05-02 01:37:26"
15,"2026/59/ه ب/ م ر -12","Provision of consultancy ser.....","Environment Authority","Consulting Offices [Excellent,First]",300.0,"New/Floated Tenders",[],"[{""reg_number"": ""00009470"", ""company"": ""MAZOON ENGINEERING CONSULTANCY AND PROJECT MANAGEMENT"", ""company_type"": ""SME"", ""purchase_date"": ""24-03-2026 09:51""}, {""reg_number"": ""00003249"", ""company"": ""AZD Engineering Consultancy"", ""company_type"": ""SME"", ""purchase_date"": ""05-04-2026 11:34""}]","{""title"": ""Provision of consultancy services for the \u2018Azra\u2019 Oman project to the Environment Agency"", ""governorate"": ""Muscat"", ""wilayat"": ""Bowsher"", ""envelope"": ""Single Envelope""}","2026-05-02 01:37:26","2026-05-02 01:37:26"
16,"2025/158/ه ب/ م ر -29 - اعادة طرح - 1","Providing advisory services .....","Environment Authority","Consulting Offices [Excellent,First]",300.0,"New/Floated Tenders",[],"[{""reg_number"": """", ""company"": ""KEO INTERNATIONAL CONSULTANTS"", ""company_type"": ""International"", ""purchase_date"": ""10-03-2026 12:54""}, {""reg_number"": ""00010642"", ""company"": ""Klean Tech Environment Solutions"", ""company_type"": ""SME"", ""purchase_date"": ""12-03-2026 11:03""}]","{""title"": ""Providing advisory services to the Environment Agency in the field of air quality"", ""governorate"": ""Muscat"", ""wilayat"": ""Bowsher"", ""envelope"": ""Single Envelope""}","2026-05-02 01:37:26","2026-05-02 01:37:26"
17,"2026/110/و ز ث س م/ م ر -13","Design and Build Services f.....","Ministry of Agricultural, Fisheries Wealth and Water Resourc","Construction of Ports Roads Bridges Railways Dams and Mainte",300.0,"New/Floated Tenders",[],"[{""reg_number"": ""00005359"", ""company"": ""FAHUD TOWERS TRADING"", ""company_type"": ""SME"", ""purchase_date"": ""23-02-2026 12:02""}, {""reg_number"": ""00004861"", ""company"": ""AL FAZARI UNITED TRADING AND CONTRACTION"", ""company_type"": ""SME"", ""purchase_date"": ""24-02-2026 07:42""}, {""reg_number"": ""00001255"", ""company"": ""The Arab Contractors Oman Limited"", ""company_type"": ""Local"", ""purchase_date"": ""24-02-2026 11:12""}, {""reg_number"": ""00000752"", ""company"": ""AL- GHARBIA ENTERPRISES TRADIG AND CONTRACTING COMPANY"", ""company_type"": ""Local"", ""purchase_date"": ""24-02-2026 12:42""}, {""reg_number"": ""00005690"", ""company"": ""Yellow Horizon Trading"", ""company_type"": ""SME"", ""purchase_date"": ""24-02-2026 14:32""}, {""reg_number"": ""00008139"", ""company"": ""SAD AL KHALEJ ENGENEERING"", ""company_type"": ""SME"", ""purchase_date"": ""26-02-2026 09:08""}, {""reg_number"": ""00001330"", ""company"": ""MASITAH INTERNATIONAL TECHNICAL AND MARINE SERVICES LLC"", ""company_type"": ""Local"", ""purchase_date"": ""26-02-2026 09:22""}, {""reg_number"": ""00002074"", ""company"": ""DETONATON BLASTING CONTRACTING"", ""company_type"": ""Local"", ""purchase_date"": ""01-03-2026 10:00""}, {""reg_number"": ""00000135"", ""company"": ""ARABIAN PROJECTS AND TRANSPORT CO LLC"", ""company_type"": ""Local"", ""purchase_date"": ""01-03-2026 13:15""}, {""reg_number"": ""00003776"", ""company"": ""AZ ENGINEERS AND PARTNERS"", ""company_type"": ""Local"", ""purchase_date"": ""02-03-2026 00:30""}, {""reg_number"": ""00014701"", ""company"": ""EAMR AL-Mustagbal Engineering"", ""company_type"": ""SME"", ""purchase_date"": ""02-03-2026 10:03""}, {""reg_number"": ""0013199"", ""company"": ""CAHIT TRADING & CONTRACTING"", ""company_type"": ""Local"", ""purchase_date"": ""03-03-2026 15:09""}, {""reg_number"": ""00011254"", ""company"": ""Nursah Business"", ""company_type"": ""Local"", ""purchase_date"": ""08-03-2026 15:47""}, {""reg_number"": ""00003668"", ""company"": ""FAGER OMAN TRAD AND CONT CO"", ""company_type"": ""SME"", ""purchase_date"": ""12-03-2026 11:24""}, {""reg_number"": ""00008987"", ""company"": ""Masirah Island International"", ""company_type"": ""SME"", ""purchase_date"": ""01-04-2026 12:07""}, {""reg_number"": ""00000453"", ""company"": ""Khimji Ramdas Construction"", ""company_type"": ""Local"", ""purchase_date"": ""06-04-2026 17:05""}, {""reg_number"": ""00009885"", ""company"": ""China Communications Construction Company"", ""company_type"": ""Local"", ""purchase_date"": ""08-04-2026 10:45""}, {""reg_number"": ""00011003"", ""company"": ""MARMUL MINING"", ""company_type"": ""Local"", ""purchase_date"": ""13-04-2026 19:09""}]","{""title"": ""Design and Build Services for Detailed Design and Construction of Quay Wall and Land development at Al Musannah Fishery "", ""governorate"": ""Muscat"", ""wilayat"": ""Bowsher"", ""envelope"": ""Single Envelope""}","2026-05-02 01:37:26","2026-05-02 01:37:26"
18,"2024/25/ ه ط م","Providing aerial surveillanc.....","Civil Aviation Authority","Consulting Offices [Excellent]",300.0,"New/Floated Tenders","[{""company"": ""AIREON LLC"", ""offer_type"": ""Main"", ""quoted_value"": """", ""status"": """"}, {""company"": ""AIREON LLC"", ""offer_type"": ""Main"", ""quoted_value"": """", ""status"": """"}]","[{""reg_number"": """", ""company"": ""AIREON LLC"", ""company_type"": ""International"", ""purchase_date"": ""12-12-2024 22:57""}]","{""title"": ""Providing aerial surveillance coverage services using SPACE BASED ADS-B satellites for parts of Omani airspace"", ""governorate"": ""Muscat"", ""wilayat"": ""Muscat"", ""envelope"": ""Single Envelope""}","2026-05-02 01:37:26","2026-05-02 01:37:26"
19,"2023/12/ت أ ع/ م ر -12","Environmental Impact Asswssm.....","Fisheries Development Oman S.A.O.C.","Consulting Offices [First,Second,Third]",300.0,"New/Floated Tenders",[],"[{""reg_number"": ""00011462"", ""company"": ""NATURAL RESOURCES CONSULTANCY AND SERVICES"", ""company_type"": ""Local"", ""purchase_date"": ""21-05-2023 09:42""}]","{""title"": ""Environmental Impact Asswssment for Bar Al Hikman Shrimp Farm Project"", ""governorate"": ""Muscat"", ""wilayat"": ""Bowsher"", ""envelope"": ""Two Envelope""}","2026-05-02 01:37:26","2026-05-02 01:37:26"
20,"2025/200/و إ ت ع/م و-6","Consultancy services for Mas.....","Ministry of Housing and Urban Planning","Consulting Offices [Excellent,First]",300.0,"In-Process Tenders","[{""company"": ""SERING INTERNATIONAL"", ""offer_type"": ""Main"", ""quoted_value"": ""2082250.000"", ""status"": ""Financial Bid Opened""}, {""company"": ""NICHOLSON JONES PARTNERSHIP ENGINEERING CONSULTANCY"", ""offer_type"": ""Main"", ""quoted_value"": ""2882350.000"", ""status"": ""Financial Bid Opened""}, {""company"": ""KHATIB AND ALAMI AND PARTNERS CONSULTING ARCHITECTS & ENGINEERS AND SERVICES"", ""offer_type"": ""Main"", ""quoted_value"": ""4709089.747"", ""status"": ""Financial Bid Opened""}, {""company"": ""SURBANA CONSULTANTS PTE LTD DUBAI BRANCH"", ""offer_type"": ""Main"", ""quoted_value"": ""4490560.019"", ""status"": ""Financial Bid Opened""}, {""company"": ""WSP INTERNATIONAL"", ""offer_type"": ""Main"", ""quoted_value"": ""6413245.007"", ""status"": ""Financial Bid Opened""}, {""company"": ""CID GULF LLC"", ""offer_type"": ""Main"", ""quoted_value"": ""4248395.716"", ""status"": ""Financial Bid Opened""}, {""company"": ""F M MIDDLE EAST ENGINEERING CONSULTANCY LLC"", ""offer_type"": ""Main"", ""quoted_value"": ""3505374.073"", ""status"": ""Financial Bid Opened""}, {""company"": ""IBRAHIM JAIDAH ARCHITECTS AND ENGINEERS"", ""offer_type"": ""Main"", ""quoted_value"": ""6000000.000"", ""status"": ""Financial Bid Opened""}, {""company"": ""ALAMUR ENGINEERING CONSULTANT"", ""offer_type"": ""Main"", ""quoted_value"": ""1973312.500"", ""status"": ""Financial Bid Opened""}, {""company"": ""DAR AL HANDASAH"", ""offer_type"": ""Main"", ""quoted_value"": ""2255595.550"", ""status"": ""Financial Bid Opened""}, {""company"": ""DAR SSH INTERNATIONAL ENGINEERING CONSULTANTS"", ""offer_type"": ""Main"", ""quoted_value"": ""3250000.000"", ""status"": ""Financial Bid Opened""}, {""company"": ""SCIENTIFIC INK ENGINEERING CONSULTANTS"", ""offer_type"": ""Main"", ""quoted_value"": ""2162921.500"", ""status"": ""Financial Bid Opened""}, {""company"": ""DAR AL-NABHAN NIN ENGINEERING CONSULTANCY"", ""offer_type"": ""Main"", ""quoted_value"": ""4086654.850"", ""status"": ""Financial Bid Opened""}, {""company"": ""DESIGN UNIT ENGINEERING"", ""offer_type"": ""Main"", ""quoted_value"": ""1849045.000"", ""status"": ""Financial Bid Opened""}]","[{""reg_number"": """", ""company"": ""LXA URBAN ARCHITECTURAL SERVICES LLC"", ""company_type"": ""International"", ""purchase_date"": ""24-11-2025 17:54""}, {""reg_number"": """", ""company"": ""SASAKI ASSOCIATES INC"", ""company_type"": ""International"", ""purchase_date"": ""24-11-2025 21:00""}, {""reg_number"": ""00000143"", ""company"": ""NICHOLSON JONES PARTNERSHIP ENGINEERING CONSULTANCY"", ""company_type"": ""Local"", ""purchase_date"": ""25-11-2025 07:15""}, {""reg_number"": ""00004876"", ""company"": ""Design Group Engineering Consultants"", ""company_type"": ""SME"", ""purchase_date"": ""25-11-2025 08:02""}, {""reg_number"": ""00008252"", ""company"": ""ARABTECH JARDANEH INTERNATIONAL"", ""company_type"": ""Local"", ""purchase_date"": ""25-11-2025 08:55""}, {""reg_number"": ""00000414"", ""company"": ""PARSONS INTERNATIONAL AND COMPANY LLC"", ""company_type"": ""Local"", ""purchase_date"": ""25-11-2025 09:41""}, {""reg_number"": ""00004288"", ""company"": ""Dar SSH International Engineering Consultants"", ""company_type"": ""Local"", ""purchase_date"": ""25-11-2025 11:02""}, {""reg_number"": ""00004691"", ""company"": ""F M MIDDLE EAST ENGINEERING CONSULTANCY LLC"", ""company_type"": ""Local"", ""purchase_date"": ""25-11-2025 11:34""}, {""reg_number"": ""00001324"", ""company"": ""almanarah engineering consultancy"", ""company_type"": ""SME"", ""purchase_date"": ""25-11-2025 12:45""}, {""reg_number"": ""00004183"", ""company"": ""WSP INTERNATIONAL"", ""company_type"": ""Local"", ""purchase_date"": ""25-11-2025 15:09""}, {""reg_number"": ""00011847"", ""company"": ""Haskoning International Engineering Consultancy"", ""company_type"": ""Local"", ""purchase_date"": ""26-11-2025 08:39""}, {""reg_number"": """", ""company"": ""M E A MIMAR ENGINEERING CONSULTANTSC"", ""company_type"": ""International"", ""purchase_date"": ""26-11-2025 16:53""}, {""reg_number"": ""00000918"", ""company"": ""Muscat Engineering Consulting LLC"", ""company_type"": ""Local"", ""purchase_date"": ""27-11-2025 07:51""}, {""reg_number"": """", ""company"": ""INTEGRATED SOLUTIONS CONSULTANCY LTD"", ""company_type"": ""International"", ""purchase_date"": ""27-11-2025 13:57""}, {""reg_number"": """", ""company"": ""SCHIATTARELLA ASSOCIATI"", ""company_type"": ""International"", ""purchase_date"": ""27-11-2025 19:45""}, {""reg_number"": """", ""company"": ""SP ARCHITECTS"", ""company_type"": ""International"", ""purchase_date"": ""28-11-2025 12:57""}, {""reg_number"": """", ""company"": ""CAVENDISH MAXWELL REAL ESTATE CONSULTING"", ""company_type"": ""International"", ""purchase_date"": ""28-11-2025 15:48""}, {""reg_number"": ""00000640"", ""company"": ""DAR AL HANDASAH"", ""company_type"": ""Local"", ""purchase_date"": ""30-11-2025 12:18""}, {""reg_number"": ""00003021"", ""company"": ""MUSCAT DESIGN CENTRE AND PARTNERS LLC"", ""company_type"": ""SME"", ""purchase_date"": ""30-11-2025 13:42""}, {""reg_number"": ""00000057"", ""company"": ""KHATIB AND ALAMI AND PARTNERS CONSULTING ARCHITECTS & ENGINEERS AND SERVICES"", ""company_type"": ""Local"", ""purchase_date"": ""30-11-2025 14:51""}, {""reg_number"": ""00001972"", ""company"": ""ABDULLA MUKADAM AND  PARTNER LLC"", ""company_type"": ""Local"", ""purchase_date"": ""01-12-2025 09:42""}, {""reg_number"": ""00000050"", ""company"": ""RENARDET SA AND PARTNERS CONSULTING ENGINEERS LLC"", ""company_type"": ""Local"", ""purchase_date"": ""01-12-2025 12:41""}, {""reg_number"": ""00004315"", ""company"": ""IBRAHIM JAIDAH ARCHITECTS AND ENGINEERS"", ""company_type"": ""Local"", ""purchase_date"": ""01-12-2025 13:06""}, {""reg_number"": """", ""company"": ""SURBANA CONSULTANTS PTE LTD DUBAI BRANCH"", ""company_type"": ""International"", ""purchase_date"": ""01-12-2025 15:09""}, {""reg_number"": """", ""company"": ""BERNARD GRUPPE ZT GMBH"", ""company_type"": ""International"", ""purchase_date"": ""01-12-2025 15:34""}, {""reg_number"": """", ""company"": ""BIG PARTNERS LIMITED"", ""company_type"": ""International"", ""purchase_date"": ""02-12-2025 21:41""}, {""reg_number"": """", ""company"": ""ASP ALBERT SPEER AND PARTNER GMBH"", ""company_type"": ""International"", ""purchase_date"": ""03-12-2025 12:18""}, {""reg_number"": ""00001932"", ""company"": ""RAZEEN ENGINEERING CONSULTANCY"", ""company_type"": ""Local"", ""purchase_date"": ""03-12-2025 14:35""}, {""reg_number"": ""00003249"", ""company"": ""AZD Engineering Consultancy"", ""company_type"": ""SME"", ""purchase_date"": ""03-12-2025 16:43""}, {""reg_number"": ""00007723"", ""company"": ""CID GULF LLC"", ""company_type"": ""Local"", ""purchase_date"": ""04-12-2025 13:27""}, {""reg_number"": """", ""company"": ""WITTEVEEN PLUS BOS INTERNATIONAL PROJECTS"", ""company_type"": ""International"", ""purchase_date"": ""04-12-2025 14:21""}, {""reg_number"": """", ""company"": ""GOOD TIME CONSULTING FZ LLC"", ""company_type"": ""International"", ""purchase_date"": ""05-12-2025 10:54""}, {""reg_number"": """", ""company"": ""THE BOSTON CONSULTING GROUP"", ""company_type"": ""International"", ""purchase_date"": ""05-12-2025 12:33""}, {""reg_number"": """", ""company"": ""MEINHARDT SINGAPORE PTE LTD"", ""company_type"": ""International"", ""purchase_date"": ""08-12-2025 09:21""}, {""reg_number"": ""00002665"", ""company"": ""SERING INTERNATIONAL"", ""company_type"": ""Local"", ""purchase_date"": ""08-12-2025 16:42""}, {""reg_number"": ""00002791"", ""company"": ""TUSKER ENGINEERING CONSULTANCY GROUP"", ""company_type"": ""SME"", ""purchase_date"": ""08-12-2025 17:01""}, {""reg_number"": """", ""company"": ""ENGINEERING CONSULTANTS GROUP"", ""company_type"": ""International"", ""purchase_date"": ""09-12-2025 17:12""}, {""reg_number"": """", ""company"": ""ATELIER ENTROPIC SL"", ""company_type"": ""International"", ""purchase_date"": ""09-12-2025 22:02""}, {""reg_number"": ""00001507"", ""company"": ""SCIENTIFIC INK ENGINEERING CONSULTANTS"", ""company_type"": ""SME"", ""purchase_date"": ""11-12-2025 10:06""}, {""reg_number"": ""00001461"", ""company"": ""ALAMUR ENGINEERING CONSULTANT"", ""company_type"": ""SME"", ""purchase_date"": ""13-12-2025 09:01""}, {""reg_number"": ""00003464"", ""company"": ""DESIGN UNIT ENGINEERING"", ""company_type"": ""Local"", ""purchase_date"": ""14-12-2025 16:30""}, {""reg_number"": """", ""company"": ""DAR AL-NABHAN NIN ENGINEERING CONSULTANCY"", ""company_type"": ""International"", ""purchase_date"": ""16-12-2025 14:24""}, {""reg_number"": ""00001445"", ""company"": ""NATIONAL ENGINEERING OFFICE"", ""company_type"": ""SME"", ""purchase_date"": ""17-12-2025 01:40""}, {""reg_number"": """", ""company"": ""LAVA BERLIN GMBH"", ""company_type"": ""International"", ""purchase_date"": ""22-12-2025 13:50""}, {""reg_number"": """", ""company"": ""UPTON HANSEN ARCHITECTS"", ""company_type"": ""International"", ""purchase_date"": ""23-12-2025 01:32""}]","{""title"": ""Consultancy services for Masterplan & Detailed Designs for The New City Sohar"", ""governorate"": ""Muscat"", ""wilayat"": ""Muscat"", ""envelope"": ""Single Envelope""}","2026-05-02 01:37:26","2026-05-02 01:37:26"
21,"2025/4859/و ص/ م ر -404","Construction of Oman Genome .....","Ministry of Health","Construction and Maintenance [Excellent]",299.5,"In-Process Tenders","[{""company"": ""AL RAFAA TRADING AND CONTRACTING LLC"", ""offer_type"": ""Main"", ""quoted_value"": ""5042403.903"", ""status"": ""Financial Bid Opened""}, {""company"": ""ARKAN MAJAN INTERNATIONAL LLC"", ""offer_type"": ""Main"", ""quoted_value"": ""3998141.666"", ""status"": ""Financial Bid Opened""}, {""company"": ""SAIF SALIM ESSA AL HARASI AND CO LLC"", ""offer_type"": ""Main"", ""quoted_value"": ""6798070.446"", ""status"": ""Financial Bid Opened""}, {""company"": ""KHIMJI RAMDAS CONSTRUCTION"", ""offer_type"": ""Main"", ""quoted_value"": ""4012535.865"", ""status"": ""Financial Bid Opened""}]","[{""reg_number"": ""00001393"", ""company"": ""CARILLION ALAWI LLC"", ""company_type"": ""Local"", ""purchase_date"": ""21-12-2025 10:54""}, {""reg_number"": ""00001336"", ""company"": ""AL AQTAAB TRADING AND CONT"", ""company_type"": ""SME"", ""purchase_date"": ""22-12-2025 11:57""}, {""reg_number"": ""00002152"", ""company"": ""ALYAM ENTERPRISES LLC"", ""company_type"": ""Local"", ""purchase_date"": ""24-12-2025 15:11""}, {""reg_number"": ""00003290"", ""company"": ""SAIF SALIM ESSA AL HARASI AND CO LLC"", ""company_type"": ""Local"", ""purchase_date"": ""25-12-2025 12:15""}, {""reg_number"": ""00000438"", ""company"": ""ARKAN MAJAN INTERNATIONAL LLC"", ""company_type"": ""Local"", ""purchase_date"": ""28-12-2025 15:58""}, {""reg_number"": ""00000005"", ""company"": ""AL HAJIRY TRADING CO"", ""company_type"": ""Local"", ""purchase_date"": ""30-12-2025 09:25""}, {""reg_number"": ""00000453"", ""company"": ""Khimji Ramdas Construction"", ""company_type"": ""Local"", ""purchase_date"": ""30-12-2025 10:57""}, {""reg_number"": ""00000464"", ""company"": ""GALFAR ENGINEERING AND CONTRACTING"", ""company_type"": ""Local"", ""purchase_date"": ""31-12-2025 11:41""}, {""reg_number"": ""00001714"", ""company"": ""AL RAFAA TRADING AND CONTRACTING LLC"", ""company_type"": ""Local"", ""purchase_date"": ""31-12-2025 15:06""}, {""reg_number"": ""00005118"", ""company"": ""AL ARKAN CONSTRUCTION LLC"", ""company_type"": ""Local"", ""purchase_date"": ""01-01-2026 09:33""}]","{""title"": ""Construction of Oman Genome Center and Bio Bank in Governorate of Muscat"", ""governorate"": ""Muscat"", ""wilayat"": ""ASeeb"", ""envelope"": ""Single Envelope""}","2026-05-02 01:37:26","2026-05-02 01:37:26"
22,"2026/7/م م ج ب/ م ر -7","Construction of Phase Three .....","South Al Batinah Governor Office","Construction and Maintenance [Excellent,First]",290.0,"In-Process Tenders","[{""company"": ""ALYAM ENTERPRISES LLC"", ""offer_type"": ""Main"", ""quoted_value"": ""2420648.913"", ""status"": ""Financial Bid Opened""}, {""company"": ""AWTAD INTERNATIONAL"", ""offer_type"": ""Main"", ""quoted_value"": ""1587350.315"", ""status"": ""Financial Bid Opened""}, {""company"": ""AL DIYAR NATIONAL ENT L LC"", ""offer_type"": ""Main"", ""quoted_value"": ""3290186.000"", ""status"": ""Financial Bid Opened""}, {""company"": ""TRADING LOGISTICS"", ""offer_type"": ""Main"", ""quoted_value"": ""1701309.800"", ""status"": ""Financial Bid Opened""}, {""company"": ""FAHUD TOWERS TRADING"", ""offer_type"": ""Main"", ""quoted_value"": ""1978348.177"", ""status"": ""Financial Bid Opened""}, {""company"": ""SAROOH GULF ALARABIA SONTSO"", ""offer_type"": ""Main"", ""quoted_value"": ""1743203.034"", ""status"": ""Financial Bid Opened""}]","[{""reg_number"": ""00003165"", ""company"": ""SAROOH GULF ALARABIA SONTSO"", ""company_type"": ""Local"", ""purchase_date"": ""23-02-2026 14:58""}, {""reg_number"": ""00001336"", ""company"": ""AL AQTAAB TRADING AND CONT"", ""company_type"": ""SME"", ""purchase_date"": ""24-02-2026 10:36""}, {""reg_number"": ""00007399"", ""company"": ""TRADING LOGISTICS"", ""company_type"": ""SME"", ""purchase_date"": ""24-02-2026 12:37""}, {""reg_number"": ""00005359"", ""company"": ""FAHUD TOWERS TRADING"", ""company_type"": ""SME"", ""purchase_date"": ""25-02-2026 13:30""}, {""reg_number"": ""00001186"", ""company"": ""MUSACAT OVERSEAS CONSTRUCTION CO"", ""company_type"": ""Local"", ""purchase_date"": ""26-02-2026 15:47""}, {""reg_number"": ""00000034"", ""company"": ""AL DIYAR NATIONAL ENT L LC"", ""company_type"": ""SME"", ""purchase_date"": ""27-02-2026 16:35""}, {""reg_number"": ""00003720"", ""company"": ""Awtad International"", ""company_type"": ""SME"", ""purchase_date"": ""28-02-2026 10:32""}, {""reg_number"": ""00001751"", ""company"": ""WESTERN UNITED BUSINESS LLC"", ""company_type"": ""SME"", ""purchase_date"": ""02-03-2026 14:35""}, {""reg_number"": ""00001199"", ""company"": ""NADANTRADING LLC"", ""company_type"": ""Local"", ""purchase_date"": ""04-03-2026 10:00""}, {""reg_number"": ""00002152"", ""company"": ""ALYAM ENTERPRISES LLC"", ""company_type"": ""Local"", ""purchase_date"": ""04-03-2026 14:45""}, {""reg_number"": ""00001876"", ""company"": ""AL TEHOON TRAD AND CONT CO"", ""company_type"": ""SME"", ""purchase_date"": ""06-03-2026 02:53""}, {""reg_number"": ""00004207"", ""company"": ""KHOTOOT AL REEF SERVICES AND CONT CO"", ""company_type"": ""SME"", ""purchase_date"": ""10-03-2026 12:53""}, {""reg_number"": ""00010465"", ""company"": ""AL RAWABI AL ZAHIYA INTERNATIONAL TRAD AND CONT LLC"", ""company_type"": ""Local"", ""purchase_date"": ""14-03-2026 10:22""}]","{""title"": ""Construction of Phase Three of Remal Park Project in Wilayat Nakhal, South Al Batinah Governorate."", ""governorate"": ""Al Batinah South"", ""wilayat"": ""Nakhl"", ""envelope"": ""Single Envelope""}","2026-05-02 01:37:26","2026-05-02 01:37:26"
23,"2026/707/و ص/ م ر -51","Provision of Operation and M.....","Ministry of Health","Electromechanical and Telecommunications Contracting and Mai",290.0,"In-Process Tenders","[{""company"": ""JAL ENGINEERING SERVICES"", ""offer_type"": ""Main"", ""quoted_value"": ""3035562.132"", ""status"": ""Financial Bid Opened""}, {""company"": ""TAWOOS INDUSTRIAL SERVICES COMPANY LLC"", ""offer_type"": ""Main"", ""quoted_value"": ""2580948.000"", ""status"": ""Financial Bid Opened""}, {""company"": ""SUNSET BRIGHTNESS TRADING LLC"", ""offer_type"": ""Main"", ""quoted_value"": ""2733912.000"", ""status"": ""Financial Bid Opened""}, {""company"": ""GLOBAL CHEMICALS AND MAINTENANCE SYSTEMS"", ""offer_type"": ""Main"", ""quoted_value"": ""2798838.000"", ""status"": ""Financial Bid Opened""}, {""company"": ""SHARIKAT FANNIYA OMANIYA"", ""offer_type"": ""Main"", ""quoted_value"": ""3101237.760"", ""status"": ""Financial Bid Opened""}, {""company"": ""AL TASNIM ENTERPRISES"", ""offer_type"": ""Main"", ""quoted_value"": ""2739240.000"", ""status"": ""Financial Bid Opened""}, {""company"": ""PRECISION SKILLS INTERNATIONAL"", ""offer_type"": ""Main"", ""quoted_value"": ""3289146.528"", ""status"": ""Financial Bid Opened""}, {""company"": ""OMAN SHAPOORJI COMPANY L.L.C"", ""offer_type"": ""Main"", ""quoted_value"": ""4645953.600"", ""status"": ""Financial Bid Opened""}, {""company"": ""OMAN NATIONAL ENGINEERIN AND INVESTMENT CO"", ""offer_type"": ""Main"", ""quoted_value"": ""3275127.000"", ""status"": ""Financial Bid Opened""}, {""company"": ""GENERAL ELECTRIC AND TRADING CO (GENETCO)"", ""offer_type"": ""Main"", ""quoted_value"": ""3079525.248"", ""status"": ""Financial Bid Opened""}]","[{""reg_number"": ""00001333"", ""company"": ""TAWOOS INDUSTRIAL SERVICES COMPANY LLC"", ""company_type"": ""Local"", ""purchase_date"": ""17-02-2026 10:56""}, {""reg_number"": ""00002533"", ""company"": ""PUBLIC TECHNICAL PROJECTS"", ""company_type"": ""SME"", ""purchase_date"": ""18-02-2026 12:15""}, {""reg_number"": ""00000331"", ""company"": ""GENERAL ELECTRIC AND TRADING CO (GENETCO)"", ""company_type"": ""Local"", ""purchase_date"": ""18-02-2026 14:45""}, {""reg_number"": ""00002718"", ""company"": ""SHARIKAT FANNIYA OMANIYA"", ""company_type"": ""Local"", ""purchase_date"": ""19-02-2026 10:17""}, {""reg_number"": ""00001129"", ""company"": ""GLOBAL CHEMICALS AND MAINTENANCE SYSTEMS"", ""company_type"": ""Local"", ""purchase_date"": ""19-02-2026 15:51""}, {""reg_number"": ""00001519"", ""company"": ""OMAN SHAPOORJI COMPANY L.L.C"", ""company_type"": ""Local"", ""purchase_date"": ""22-02-2026 08:52""}, {""reg_number"": ""00005095"", ""company"": ""JAL ENGINEERING SERVICES"", ""company_type"": ""Local"", ""purchase_date"": ""22-02-2026 09:49""}, {""reg_number"": ""00006203"", ""company"": ""PRECISION SKILLS INTERNATIONAL"", ""company_type"": ""Local"", ""purchase_date"": ""22-02-2026 13:25""}, {""reg_number"": ""00000960"", ""company"": ""OMAN NATIONAL ENGINEERIN AND INVESTMENT CO"", ""company_type"": ""Local"", ""purchase_date"": ""22-02-2026 14:35""}, {""reg_number"": ""00014012"", ""company"": ""SUNSET BRIGHTNESS TRADING LLC"", ""company_type"": ""Local"", ""purchase_date"": ""22-02-2026 16:17""}, {""reg_number"": ""00003112"", ""company"": ""AL TASNIM ENTERPRISES"", ""company_type"": ""Local"", ""purchase_date"": ""24-02-2026 08:45""}]","{""title"": ""Provision of Operation and Maintenance Services for Equipment at Ibra Hospital and Its Affiliated Health Units in North "", ""governorate"": ""Muscat"", ""wilayat"": ""Muscat"", ""envelope"": ""Single Envelope""}","2026-05-02 01:37:26","2026-05-02 01:37:26"
24,"2025/176/و ت س/ م ر -42","Construction Of Visitor Cent.....","Ministry of Heritage and Tourism","Construction and Maintenance [Excellent]",290.0,"In-Process Tenders","[{""company"": ""NEBRAS AL BARAKA ENT"", ""offer_type"": ""Main"", ""quoted_value"": ""3995986.670"", ""status"": ""Financial Bid Opened""}, {""company"": ""SMART VISION TECHNICAL SERVICES"", ""offer_type"": ""Main"", ""quoted_value"": ""3914444.000"", ""status"": ""Financial Bid Opened""}, {""company"": ""OASIS GRACE"", ""offer_type"": ""Main"", ""quoted_value"": ""3604714.286"", ""status"": ""Financial Bid Opened""}, {""company"": ""ALYAM ENTERPRISES LLC"", ""offer_type"": ""Main"", ""quoted_value"": ""3991299.850"", ""status"": ""Financial Bid Opened""}, {""company"": ""SOHAR UNITED CONTRACTING COMPANY"", ""offer_type"": ""Main"", ""quoted_value"": ""3050612.630"", ""status"": ""Financial Bid Opened""}]","[{""reg_number"": ""00001336"", ""company"": ""AL AQTAAB TRADING AND CONT"", ""company_type"": ""SME"", ""purchase_date"": ""10-12-2025 09:31""}, {""reg_number"": ""00007001"", ""company"": ""SOHAR UNITED CONTRACTING COMPANY"", ""company_type"": ""SME"", ""purchase_date"": ""10-12-2025 12:44""}, {""reg_number"": ""00000437"", ""company"": ""DEVELOPMENT SERVICES AND MAINTENANCE LLC"", ""company_type"": ""Local"", ""purchase_date"": ""11-12-2025 10:25""}, {""reg_number"": ""00002334"", ""company"": ""AL-HADDAD TRADING & CONT CO"", ""company_type"": ""SME"", ""purchase_date"": ""14-12-2025 10:23""}, {""reg_number"": ""00000078"", ""company"": ""SMART VISION TECHNICAL SERVICES"", ""company_type"": ""Local"", ""purchase_date"": ""16-12-2025 11:07""}, {""reg_number"": ""00000850"", ""company"": ""OASIS GRACE"", ""company_type"": ""Local"", ""purchase_date"": ""18-12-2025 16:16""}, {""reg_number"": ""00002152"", ""company"": ""ALYAM ENTERPRISES LLC"", ""company_type"": ""Local"", ""purchase_date"": ""20-12-2025 12:29""}, {""reg_number"": ""00004816"", ""company"": ""Eshraq Engineering and Investment Company"", ""company_type"": ""Local"", ""purchase_date"": ""20-12-2025 17:23""}, {""reg_number"": ""00002866"", ""company"": ""NEBRAS AL BARAKA ENT"", ""company_type"": ""Local"", ""purchase_date"": ""21-12-2025 10:24""}]","{""title"": ""Construction Of Visitor Center And Ancillary Building At Qalhat Archaeological Site In Sur"", ""governorate"": ""Muscat"", ""wilayat"": ""Muscat"", ""envelope"": ""Single Envelope""}","2026-05-02 01:37:26","2026-05-02 01:37:26"
25,"2026/13/و إ ت ع/ م ر -4","Manufacturing a seafarer.....","Ministry of Transport Communications and Information Technol","Services [Excellent,First,Second,Third,Fourth]",280.0,"New/Floated Tenders","[{""company"": ""OBSESSION           TESTACY"", ""offer_type"": ""Main"", ""quoted_value"": ""655.000"", ""status"": ""Financial Bid Opened""}, {""company"": ""ANWAR AL MAHROOQI TRADING"", ""offer_type"": ""Main"", ""quoted_value"": ""1193.000"", ""status"": ""Financial Bid Opened""}]",[],"{""title"": ""Providing office furniture for the offices and departments of the governorate in North Al Batinah"", ""governorate"": ""Al Batinah North"", ""wilayat"": ""Sohar"", ""envelope"": ""Single Envelope""}","2026-05-02 01:37:26","2026-05-02 01:37:26"
26,"2026/260/و ص/م ن ز و م-9","Sultan Haitham City Phase-01.....","Ministry of Housing and Urban Planning","Construction and Maintenance [Excellent]",280.0,"New/Floated Tenders",[],"[{""reg_number"": ""00003247"", ""company"": ""AGRICULTURE MODERN ENGINEERING"", ""company_type"": ""Local"", ""purchase_date"": ""21-01-2026 17:13""}, {""reg_number"": ""00000968"", ""company"": ""GENERAL DEVELOPMENT SERVICES"", ""company_type"": ""Local"", ""purchase_date"": ""22-01-2026 11:00""}, {""reg_number"": ""00003112"", ""company"": ""AL TASNIM ENTERPRISES"", ""company_type"": ""Local"", ""purchase_date"": ""22-01-2026 16:15""}, {""reg_number"": ""00000789"", ""company"": ""Al Adrak Trading And Contracting"", ""company_type"": ""Local"", ""purchase_date"": ""22-01-2026 17:32""}, {""reg_number"": ""00003290"", ""company"": ""SAIF SALIM ESSA AL HARASI AND CO LLC"", ""company_type"": ""Local"", ""purchase_date"": ""22-01-2026 18:54""}, {""reg_number"": ""00001882"", ""company"": ""STRABAG OMAN"", ""company_type"": ""Local"", ""purchase_date"": ""25-01-2026 10:43""}, {""reg_number"": ""00003776"", ""company"": ""AZ ENGINEERS AND PARTNERS"", ""company_type"": ""Local"", ""purchase_date"": ""26-01-2026 10:04""}, {""reg_number"": ""00001641"", ""company"": ""UNIVERSAL LALBUKSH ENGINEERING SERVICES and TRADING"", ""company_type"": ""Local"", ""purchase_date"": ""26-01-2026 13:00""}, {""reg_number"": ""00007001"", ""company"": ""SOHAR UNITED CONTRACTING COMPANY"", ""company_type"": ""SME"", ""purchase_date"": ""27-01-2026 10:04""}, {""reg_number"": ""00001835"", ""company"": ""AL KHALILI CONSTRUCTION"", ""company_type"": ""Local"", ""purchase_date"": ""29-01-2026 08:59""}, {""reg_number"": ""00000453"", ""company"": ""Khimji Ramdas Construction"", ""company_type"": ""Local"", ""purchase_date"": ""29-01-2026 09:01""}, {""reg_number"": ""00000438"", ""company"": ""ARKAN MAJAN INTERNATIONAL LLC"", ""company_type"": ""Local"", ""purchase_date"": ""29-01-2026 09:09""}, {""reg_number"": ""00000850"", ""company"": ""OASIS GRACE"", ""company_type"": ""Local"", ""purchase_date"": ""02-02-2026 08:07""}, {""reg_number"": ""00009501"", ""company"": ""Hassan Allam Construction"", ""company_type"": ""Local"", ""purchase_date"": ""02-02-2026 15:17""}, {""reg_number"": ""00002305"", ""company"": ""Sarooj Construction Company"", ""company_type"": ""Local"", ""purchase_date"": ""03-02-2026 10:44""}, {""reg_number"": ""00000407"", ""company"": ""TOWELL CONSTRUCTION AND CO LLC"", ""company_type"": ""Local"", ""purchase_date"": ""03-02-2026 15:11""}, {""reg_number"": ""00000665"", ""company"": ""NAFAL CONTRACTING AND TRADING CO LLC"", ""company_type"": ""Local"", ""purchase_date"": ""04-02-2026 11:26""}, {""reg_number"": ""00002234"", ""company"": ""ALSALSABEEL TRAD CONT EST"", ""company_type"": ""Local"", ""purchase_date"": ""05-02-2026 13:07""}, {""reg_number"": ""00003563"", ""company"": ""KHALEEJI MANAGER CONTRACTING COMPANY"", ""company_type"": ""Local"", ""purchase_date"": ""07-02-2026 11:56""}, {""reg_number"": ""00002334"", ""company"": ""AL-HADDAD TRADING & CONT CO"", ""company_type"": ""SME"", ""purchase_date"": ""08-02-2026 11:27""}, {""reg_number"": ""00003868"", ""company"": ""GULF INTERNATIONAL CONTRACTING"", ""company_type"": ""Local"", ""purchase_date"": ""09-02-2026 13:03""}, {""reg_number"": ""00002693"", ""company"": ""TARGET"", ""company_type"": ""Local"", ""purchase_date"": ""11-02-2026 10:17""}, {""reg_number"": """", ""company"": ""SAUDI BASHYER CONSTRUCION CO"", ""company_type"": ""International"", ""purchase_date"": ""23-03-2026 06:16""}, {""reg_number"": """", ""company"": ""PORTEX INSAAT SANAYII TICARET LIMITED SIRKETI"", ""company_type"": ""International"", ""purchase_date"": ""24-03-2026 16:08""}, {""reg_number"": """", ""company"": ""UNITED GULF CONSTRUCTION COMPANY W L L"", ""company_type"": ""International"", ""purchase_date"": ""25-03-2026 11:43""}, {""reg_number"": ""00002152"", ""company"": ""ALYAM ENTERPRISES LLC"", ""company_type"": ""Local"", ""purchase_date"": ""26-03-2026 14:48""}, {""reg_number"": """", ""company"": ""EDECS EL DAWLIA FOR CONTRACTING"", ""company_type"": ""International"", ""purchase_date"": ""31-03-2026 08:28""}, {""reg_number"": """", ""company"": ""SAYED KADHEM ALDURAZI AND SONS COMPANY BSC"", ""company_type"": ""International"", ""purchase_date"": ""31-03-2026 10:25""}, {""reg_number"": """", ""company"": ""SERKA TAAHHUT INSAAT AS"", ""company_type"": ""International"", ""purchase_date"": ""31-03-2026 12:37""}, {""reg_number"": ""00000464"", ""company"": ""GALFAR ENGINEERING AND CONTRACTING"", ""company_type"": ""Local"", ""purchase_date"": ""08-04-2026 11:28""}]","{""title"": ""Sultan Haitham City Phase-01, WP09B Construction of Big Park Including Structures and Wet/Dry Infrastructure"", ""governorate"": ""Muscat"", ""wilayat"": ""Muscat"", ""envelope"": ""Single Envelope""}","2026-05-02 01:37:26","2026-05-02 01:37:26"
27,"2025/137/ه ب/ م ر -28 - اعادة طرح - 1","Development of Al-Sail Natur.....","Environment Authority","Construction and Maintenance [Excellent,First]",260.0,"In-Process Tenders","[{""company"": ""WESTERN UNITED BUSINESS LLC"", ""offer_type"": ""Main"", ""quoted_value"": ""5108303.740"", ""status"": ""Financial Bid Opened""}, {""company"": ""KHOTOOT AL REEF SERVICES AND CONT CO"", ""offer_type"": ""Main"", ""quoted_value"": ""2850945.715"", ""status"": ""Financial Bid Opened""}, {""company"": ""AL-SSARH TRADING AND CONTRACTING"", ""offer_type"": ""Main"", ""quoted_value"": ""3303192.900"", ""status"": ""Financial Bid Opened""}, {""company"": ""ATLANTIC"", ""offer_type"": ""Main"", ""quoted_value"": ""4091721.380"", ""status"": ""Financial Bid Opened""}, {""company"": ""OASIS GRACE"", ""offer_type"": ""Main"", ""quoted_value"": ""3610950.000"", ""status"": ""Financial Bid Opened""}, {""company"": ""GULF EMAAR EXCELLENCE"", ""offer_type"": ""Main"", ""quoted_value"": ""2499599.298"", ""status"": ""Financial Bid Opened""}, {""company"": ""MIDDLE EAST ELECTRO MECHANICAL AND CONSRUCTION COMPANY"", ""offer_type"": ""Main"", ""quoted_value"": ""5362970.353"", ""status"": ""Financial Bid Opened""}, {""company"": ""SOHAR STAR UNITED LLC"", ""offer_type"": ""Main"", ""quoted_value"": ""5789700.000"", ""status"": ""Financial Bid Opened""}, {""company"": ""AMOD ALREEF TRAD AND CONT CO"", ""offer_type"": ""Main"", ""quoted_value"": ""6578787.338"", ""status"": ""Financial Bid Opened""}, {""company"": ""AWTAD INTERNATIONAL"", ""offer_type"": ""Main"", ""quoted_value"": ""3997802.127"", ""status"": ""Financial Bid Opened""}, {""company"": ""AL RAWDHA WORLD CENTER TRADING AND CONTRACTING LLC"", ""offer_type"": ""Main"", ""quoted_value"": ""4700291.800"", ""status"": ""Financial Bid Opened""}, {""company"": ""ALMASKARI CONSTRUCTION CO"", ""offer_type"": ""Main"", ""quoted_value"": ""2998465.995"", ""status"": ""Financial Bid Opened""}, {""company"": ""AL DIYAR NATIONAL ENT L LC"", ""offer_type"": ""Main"", ""quoted_value"": ""2950000.000"", ""status"": ""Financial Bid Opened""}]","[{""reg_number"": ""00004207"", ""company"": ""KHOTOOT AL REEF SERVICES AND CONT CO"", ""company_type"": ""SME"", ""purchase_date"": ""04-03-2026 10:15""}, {""reg_number"": ""00008952"", ""company"": ""SOCIAL SERVICES TRADING"", ""company_type"": ""SME"", ""purchase_date"": ""04-03-2026 11:00""}, {""reg_number"": ""00003720"", ""company"": ""Awtad International"", ""company_type"": ""SME"", ""purchase_date"": ""05-03-2026 09:13""}, {""reg_number"": ""00000034"", ""company"": ""AL DIYAR NATIONAL ENT L LC"", ""company_type"": ""SME"", ""purchase_date"": ""06-03-2026 15:03""}, {""reg_number"": ""00003828"", ""company"": ""GULF EMAAR EXCELLENCE"", ""company_type"": ""SME"", ""purchase_date"": ""09-03-2026 15:22""}, {""reg_number"": ""00001751"", ""company"": ""WESTERN UNITED BUSINESS LLC"", ""company_type"": ""SME"", ""purchase_date"": ""09-03-2026 22:18""}, {""reg_number"": ""00003671"", ""company"": ""AMOD ALREEF TRAD AND CONT CO"", ""company_type"": ""SME"", ""purchase_date"": ""10-03-2026 10:50""}, {""reg_number"": ""00002334"", ""company"": ""AL-HADDAD TRADING & CONT CO"", ""company_type"": ""SME"", ""purchase_date"": ""10-03-2026 13:57""}, {""reg_number"": ""00001973"", ""company"": ""ALMASKARI CONSTRUCTION CO"", ""company_type"": ""SME"", ""purchase_date"": ""11-03-2026 09:57""}, {""reg_number"": ""00007420"", ""company"": ""SOHAR STAR UNITED LLC"", ""company_type"": ""Local"", ""purchase_date"": ""11-03-2026 10:45""}, {""reg_number"": ""00003269"", ""company"": ""AL RAWDHA WORLD CENTER TRADING AND CONTRACTING LLC"", ""company_type"": ""Local"", ""purchase_date"": ""11-03-2026 19:26""}, {""reg_number"": ""00005835"", ""company"": ""Middle East Electro Mechanical and consruction company"", ""company_type"": ""SME"", ""purchase_date"": ""12-03-2026 14:38""}, {""reg_number"": ""00004104"", ""company"": ""ATLANTIC"", ""company_type"": ""Local"", ""purchase_date"": ""12-03-2026 18:27""}, {""reg_number"": ""00005880"", ""company"": ""AL-SSARH TRADING AND CONTRACTING"", ""company_type"": ""SME"", ""purchase_date"": ""12-03-2026 22:51""}, {""reg_number"": ""00000850"", ""company"": ""OASIS GRACE"", ""company_type"": ""Local"", ""purchase_date"": ""14-03-2026 12:42""}, {""reg_number"": ""00001876"", ""company"": ""AL TEHOON TRAD AND CONT CO"", ""company_type"": ""SME"", ""purchase_date"": ""15-03-2026 11:00""}]","{""title"": ""Development of Al-Sail Natural Park in South Sharqia Governorate"", ""governorate"": ""Muscat"", ""wilayat"": ""Bowsher"", ""envelope"": ""Single Envelope""}","2026-05-02 01:37:26","2026-05-02 01:37:26"
28,"2026/9/و إ ت ع/ م ر -2","REPAIR OF STERILE TUBING WEL.....","Ministry of Health","Supply [Excellent,First,Second,Third,Fourth]",250.0,"New/Floated Tenders",[],[],"{""title"": ""REPAIR OF STERILE TUBING WELDER AT DIRECTORATE GENERAL OF KHOULA HOSPITAL"", ""governorate"": ""Muscat"", ""wilayat"": ""Muttrah"", ""envelope"": ""Purchase""}","2026-05-02 01:37:26","2026-05-02 01:37:26"
29,"2026/23/و ع/ق م-23","CONSTRUCTION OF REHABILITATI.....","Ministry of Housing and Urban Planning","Construction and Maintenance [Excellent,First]",250.0,"New/Floated Tenders","[{""company"": ""MAWAHIB AL-KHALIDYAH TRD"", ""offer_type"": ""Main"", ""quoted_value"": ""4330.000"", ""status"": ""Financial Bid Opened""}, {""company"": ""BADAYA ALMADEENA WATANYA"", ""offer_type"": ""Main"", ""quoted_value"": ""3735.000"", ""status"": ""Financial Bid Opened""}, {""company"": ""TSAMEM MEDIA"", ""offer_type"": ""Main"", ""quoted_value"": ""5855.000"", ""status"": ""Financial Bid Opened""}]","[{""reg_number"": ""00007200"", ""company"": ""TSAMEM MEDIA"", ""company_type"": ""SME"", ""purchase_date"": ""06-01-2026 15:19""}, {""reg_number"": ""00014372"", ""company"": ""Quick Sheet"", ""company_type"": ""SME"", ""purchase_date"": ""06-01-2026 15:50""}, {""reg_number"": ""00015345"", ""company"": ""Muscat QUALITY UNITED"", ""company_type"": ""Local"", ""purchase_date"": ""06-01-2026 15:54""}, {""reg_number"": ""00002038"", ""company"": ""ALZAIDI INTEGRATED ENTERPRISES"", ""company_type"": ""SME"", ""purchase_date"": ""06-01-2026 22:16""}, {""reg_number"": ""00016383"", ""company"": ""Top Leaders for investment"", ""company_type"": ""SME"", ""purchase_date"": ""07-01-2026 08:31""}, {""reg_number"": ""00015300"", ""company"": ""JAWAHART ALJORI TRADING"", ""company_type"": ""SME"", ""purchase_date"": ""07-01-2026 08:52""}, {""reg_number"": ""00002142"", ""company"": ""SHAMS ALULOOM OFFICE SERVICES"", ""company_type"": ""SME"", ""purchase_date"": ""07-01-2026 18:34""}, {""reg_number"": ""00012015"", ""company"": ""QAWAFIL ALBATINA MODREN"", ""company_type"": ""SME"", ""purchase_date"": ""07-01-2026 20:17""}, {""reg_number"": ""00004168"", ""company"": ""WONDERFUL GRAPHICS"", ""company_type"": ""SME"", ""purchase_date"": ""08-01-2026 10:57""}, {""reg_number"": ""00007549"", ""company"": ""AL TANFITH ALDWALIAH SPC"", ""company_type"": ""SME"", ""purchase_date"": ""08-01-2026 11:01""}, {""reg_number"": ""00012164"", ""company"": ""TARGET PRINTING SERVICES"", ""company_type"": ""SME"", ""purchase_date"": ""08-01-2026 15:13""}, {""reg_number"": ""00014608"", ""company"": ""MAWAHIB AL-KHALIDYAH TRD"", ""company_type"": ""Local"", ""purchase_date"": ""10-01-2026 09:39""}, {""reg_number"": ""00009406"", ""company"": ""CE-INTERNATIONAL For Educational And Security Services"", ""company_type"": ""SME"", ""purchase_date"": ""11-01-2026 11:23""}, {""reg_number"": ""00012181"", ""company"": ""DIGITAL VISUALS"", ""company_type"": ""SME"", ""purchase_date"": ""11-01-2026 13:30""}, {""reg_number"": ""00013007"", ""company"": ""ATLAS PRINTING PRESS"", ""company_type"": ""SME"", ""purchase_date"": ""11-01-2026 18:26""}, {""reg_number"": ""00016097"", ""company"": ""BADAYA ALMADEENA WATANYA"", ""company_type"": ""Local"", ""purchase_date"": ""12-01-2026 21:22""}]","{""title"": ""Training and Guidance Forum"", ""governorate"": ""Al Batinah South"", ""wilayat"": ""Musannah"", ""envelope"": ""Single Envelope""}","2026-05-02 01:37:26","2026-05-02 01:37:26"
30,"2021/13/ ن ا د","Tender of Outsourcing Manpow.....","A Namaa Poultry Co. SAOC","Services [Excellent,First,Second,Third,Fourth]",250.0,"New/Floated Tenders","[{""company"": ""ETHAD ENGINEERS OF BUSINESSES"", ""offer_type"": """", ""quoted_value"": """", ""status"": ""Bid Submitted""}]","[{""reg_number"": ""00001022"", ""company"": ""AL NAWA MANAGEMENT AND HRD CONSULTANTS"", ""company_type"": ""Local"", ""purchase_date"": ""14-06-2021 14:59""}, {""reg_number"": ""00000858"", ""company"": ""TAQSEEM DEVELOPERS AND SERVICES"", ""company_type"": ""Local"", ""purchase_date"": ""09-08-2021 22:55""}, {""reg_number"": ""00006010"", ""company"": ""ETHAD ENGINEERS OF Businesses"", ""company_type"": ""SME"", ""purchase_date"": ""15-08-2021 10:44""}]","{""title"": ""Tender of Outsourcing Manpower"", ""governorate"": ""Al Dhahira"", ""wilayat"": ""Ibri"", ""envelope"": ""Single Envelope""}","2026-05-02 01:37:26","2026-05-02 01:37:26"
31,"2026/9/ أسياد","Consultancy Services for Qua.....",ASYAD,"Consulting Offices [Excellent,First,Second,Third]",250.0,"In-Process Tenders","[{""company"": ""HASKONING INTERNATIONAL ENGINEERING CONSULTANCY"", ""offer_type"": ""Main"", ""quoted_value"": ""Financial Bid Opened"", ""status"": """"}, {""company"": ""LLOYD ENGINEERING"", ""offer_type"": ""Main"", ""quoted_value"": ""Financial Bid Opened"", ""status"": """"}, {""company"": ""WSP INTERNATIONAL"", ""offer_type"": ""Main"", ""quoted_value"": ""Financial Bid Opened"", ""status"": """"}, {""company"": ""SERING INTERNATIONAL"", ""offer_type"": ""Main"", ""quoted_value"": ""Financial Bid Opened"", ""status"": """"}, {""company"": ""F M MIDDLE EAST ENGINEERING CONSULTANCY LLC"", ""offer_type"": ""Main"", ""quoted_value"": ""Financial Bid Opened"", ""status"": """"}, {""company"": ""ORIX ENGINEERING CONSULTATION"", ""offer_type"": ""Main"", ""quoted_value"": ""Technical Bid Opened"", ""status"": """"}, {""company"": ""AL WASEET FOR ECONOMIC AND FINANCIAL CONSULTANCY SERVICES WEFICS"", ""offer_type"": ""Main"", ""quoted_value"": ""Technical Bid Opened"", ""status"": """"}, {""company"": ""RENARDET SA AND PARTNERS CONSULTING ENGINEERS LLC"", ""offer_type"": ""Main"", ""quoted_value"": ""Technical Bid Opened"", ""status"": """"}, {""company"": ""ISAG CONSULTING ENGINEERS"", ""offer_type"": ""Main"", ""quoted_value"": ""Technical Bid Opened"", ""status"": """"}, {""company"": ""AZD ENGINEERING CONSULTANCY"", ""offer_type"": ""Main"", ""quoted_value"": ""Technical Bid Opened"", ""status"": """"}, {""company"": ""BINAA CONSULTING"", ""offer_type"": ""Main"", ""quoted_value"": ""Technical Bid Opened"", ""status"": """"}, {""company"": ""TANGER MED ENGINEERING"", ""offer_type"": ""Main"", ""quoted_value"": ""Technical Bid Opened"", ""status"": """"}, {""company"": ""TANGER MED ENGINEERING"", ""offer_type"": ""Alternate1"", ""quoted_value"": ""Technical Bid Opened"", ""status"": """"}, {""company"": ""TANGER MED ENGINEERING"", ""offer_type"": ""Alternate2"", ""quoted_value"": ""Technical Bid Opened"", ""status"": """"}, {""company"": ""ALMANARAH ENGINEERING CONSULTANCY"", ""offer_type"": ""Main"", ""quoted_value"": ""Technical Bid Opened"", ""status"": """"}, {""company"": ""LANKA HYDRAULIC INSTITUTE LTD"", ""offer_type"": ""Main"", ""quoted_value"": ""Technical Bid Opened"", ""status"": """"}, {""company"": ""VERTEX ENGINEERING CONSULTANCY"", ""offer_type"": ""Main"", ""quoted_value"": ""Technical Bid Opened"", ""status"": """"}, {""company"": ""NATIONAL ENGINEERING OFFICE"", ""offer_type"": ""Main"", ""quoted_value"": ""Technical Bid Opened"", ""status"": """"}]","[{""reg_number"": ""00011847"", ""company"": ""Haskoning International Engineering Consultancy"", ""company_type"": ""Local"", ""purchase_date"": ""23-02-2026 08:15""}, {""reg_number"": ""00001324"", ""company"": ""almanarah engineering consultancy"", ""company_type"": ""SME"", ""purchase_date"": ""23-02-2026 09:00""}, {""reg_number"": ""00000050"", ""company"": ""RENARDET SA AND PARTNERS CONSULTING ENGINEERS LLC"", ""company_type"": ""Local"", ""purchase_date"": ""23-02-2026 10:57""}, {""reg_number"": ""00002665"", ""company"": ""SERING INTERNATIONAL"", ""company_type"": ""Local"", ""purchase_date"": ""23-02-2026 11:13""}, {""reg_number"": ""00000905"", ""company"": ""JEEL ENGINEERING"", ""company_type"": ""SME"", ""purchase_date"": ""23-02-2026 16:02""}, {""reg_number"": """", ""company"": ""LLOYD ENGINEERING"", ""company_type"": ""International"", ""purchase_date"": ""23-02-2026 20:18""}, {""reg_number"": ""00014100"", ""company"": ""Al Waseet for Economic and Financial Consultancy Services WEFICS"", ""company_type"": ""SME"", ""purchase_date"": ""24-02-2026 09:58""}, {""reg_number"": ""00004183"", ""company"": ""WSP INTERNATIONAL"", ""company_type"": ""Local"", ""purchase_date"": ""24-02-2026 11:22""}, {""reg_number"": ""00001445"", ""company"": ""NATIONAL ENGINEERING OFFICE"", ""company_type"": ""SME"", ""purchase_date"": ""24-02-2026 13:04""}, {""reg_number"": ""00004916"", ""company"": ""ORIX ENGINEERING CONSULTATION"", ""company_type"": ""Local"", ""purchase_date"": ""24-02-2026 14:17""}, {""reg_number"": """", ""company"": ""LANKA HYDRAULIC INSTITUTE LTD"", ""company_type"": ""International"", ""purchase_date"": ""25-02-2026 12:59""}, {""reg_number"": ""00003249"", ""company"": ""AZD Engineering Consultancy"", ""company_type"": ""SME"", ""purchase_date"": ""25-02-2026 13:22""}, {""reg_number"": ""00003000"", ""company"": ""AL SAQF ENGINEERING CONSULTANCY"", ""company_type"": ""Local"", ""purchase_date"": ""25-02-2026 13:30""}, {""reg_number"": ""00004155"", ""company"": ""BINAA CONSULTING"", ""company_type"": ""SME"", ""purchase_date"": ""25-02-2026 13:41""}, {""reg_number"": """", ""company"": ""TANGER MED ENGINEERING"", ""company_type"": ""International"", ""purchase_date"": ""25-02-2026 13:51""}, {""reg_number"": ""00010924"", ""company"": ""Vertex Engineering Consultancy"", ""company_type"": ""SME"", ""purchase_date"": ""25-02-2026 16:25""}, {""reg_number"": ""00010860"", ""company"": ""ISAG CONSULTING ENGINEERS"", ""company_type"": ""Local"", ""purchase_date"": ""26-02-2026 09:44""}, {""reg_number"": ""00004691"", ""company"": ""F M MIDDLE EAST ENGINEERING CONSULTANCY LLC"", ""company_type"": ""Local"", ""purchase_date"": ""26-02-2026 12:28""}, {""reg_number"": ""00004032"", ""company"": ""T\u03cbv Rheinland"", ""company_type"": ""Local"", ""purchase_date"": ""26-02-2026 16:27""}]","{""title"": ""Consultancy Services for Quay Wall Rehabilitation at Port Sultan Qaboos (Re-float)"", ""governorate"": ""Muscat"", ""wilayat"": ""Muscat"", ""envelope"": ""Two Envelope""}","2026-05-02 01:37:26","2026-05-02 01:37:26"
32,"2025/2/ ش ص م ح","Construction road P04 & .....","Salalah Free Zone Company S.A.O.C.","Construction of Ports Roads Bridges Railways Dams and Mainte",250.0,"In-Process Tenders","[{""company"": ""SHANFARI AND PARTNERS CO"", ""offer_type"": ""Main"", ""quoted_value"": ""1499000.000"", ""status"": ""Financial Bid Opened""}, {""company"": ""NASR ARABIAN CO"", ""offer_type"": ""Main"", ""quoted_value"": ""1605674.248"", ""status"": ""Financial Bid Opened""}, {""company"": ""BR OMAN LLC"", ""offer_type"": ""Main"", ""quoted_value"": ""1748735.320"", ""status"": ""Financial Bid Opened""}, {""company"": ""AL KATHEERY TRADING AND CONT EST"", ""offer_type"": ""Main"", ""quoted_value"": """", ""status"": ""Technical Bid Opened""}, {""company"": ""AL RAFAH TRADING AND CONTRACTION COMPANY"", ""offer_type"": ""Main"", ""quoted_value"": """", ""status"": ""Technical Bid Opened""}, {""company"": ""AL TEHOON TRAD AND CONT CO"", ""offer_type"": ""Main"", ""quoted_value"": """", ""status"": ""Technical Bid Opened""}, {""company"": ""GLOBAL DEVELOPMENT TRADING & CONT.LLC"", ""offer_type"": ""Main"", ""quoted_value"": """", ""status"": ""Technical Bid Opened""}, {""company"": ""FAGER OMAN TRAD AND CONT CO"", ""offer_type"": ""Main"", ""quoted_value"": """", ""status"": ""Technical Bid Opened""}]","[{""reg_number"": ""00003053"", ""company"": ""AL KATHEERY TRADING AND CONT EST"", ""company_type"": ""Local"", ""purchase_date"": ""23-11-2025 11:10""}, {""reg_number"": ""00003129"", ""company"": ""BR OMAN LLC"", ""company_type"": ""Local"", ""purchase_date"": ""23-11-2025 12:55""}, {""reg_number"": ""00003668"", ""company"": ""FAGER OMAN TRAD AND CONT CO"", ""company_type"": ""SME"", ""purchase_date"": ""24-11-2025 15:49""}, {""reg_number"": ""00000988"", ""company"": ""KHATOOT AL MAJD TRAD AND CONT"", ""company_type"": ""SME"", ""purchase_date"": ""24-11-2025 20:51""}, {""reg_number"": ""00005742"", ""company"": ""SHANFARI AND PARTNERS CO"", ""company_type"": ""Local"", ""purchase_date"": ""26-11-2025 10:25""}, {""reg_number"": ""00002574"", ""company"": ""NASR ARABIAN CO"", ""company_type"": ""Local"", ""purchase_date"": ""29-11-2025 13:17""}, {""reg_number"": ""00003495"", ""company"": ""GLOBAL DEVELOPMENT TRADING & CONT.LLC"", ""company_type"": ""Local"", ""purchase_date"": ""29-11-2025 17:50""}, {""reg_number"": ""00001941"", ""company"": ""AL RAFAH TRADING AND CONTRACTION COMPANY"", ""company_type"": ""SME"", ""purchase_date"": ""29-11-2025 21:40""}, {""reg_number"": ""00001876"", ""company"": ""AL TEHOON TRAD AND CONT CO"", ""company_type"": ""SME"", ""purchase_date"": ""30-11-2025 03:17""}]","{""title"": ""Construction road P04 & P05 in Adhan at Salalah Free Zone"", ""governorate"": ""Dhofar"", ""wilayat"": ""Salalah"", ""envelope"": ""Two Envelope""}","2026-05-02 01:37:26","2026-05-02 01:37:26"
33,"2025/47/ ش.أ.ل.أ","Initial stores supply for th.....","Asyad Shipping Company S.A.O.G.","Supply [Excellent,First,Second]",250.0,"In-Process Tenders","[{""company"": ""DINTEC CO LTD"", ""offer_type"": ""Main"", ""quoted_value"": ""80690.518"", ""status"": ""Financial Bid Opened""}, {""company"": ""HANIL FUJI KOREA CO LTD"", ""offer_type"": ""Main"", ""quoted_value"": ""447475.043"", ""status"": ""Financial Bid Opened""}, {""company"": ""QINGDAO OCEAN RICH MARINE SERVICE CO LTD"", ""offer_type"": ""Main"", ""quoted_value"": """", ""status"": ""Technical Bid Opened""}, {""company"": ""DEYYAR INTERNATIONAL LLC"", ""offer_type"": ""Main"", ""quoted_value"": """", ""status"": ""Technical Bid Opened""}]","[{""reg_number"": """", ""company"": ""MIDDLE EAST FUJI LLC"", ""company_type"": ""International"", ""purchase_date"": ""29-12-2025 15:38""}, {""reg_number"": ""00006396"", ""company"": ""Energy Services"", ""company_type"": ""SME"", ""purchase_date"": ""30-12-2025 09:55""}, {""reg_number"": """", ""company"": ""SINWA SINGAPORE PTE LTD"", ""company_type"": ""International"", ""purchase_date"": ""30-12-2025 11:01""}, {""reg_number"": ""00000753"", ""company"": ""DEYYAR INTERNATIONAL LLC"", ""company_type"": ""SME"", ""purchase_date"": ""30-12-2025 11:21""}, {""reg_number"": """", ""company"": ""DAN MARINE SHANGHAI LTD"", ""company_type"": ""International"", ""purchase_date"": ""04-01-2026 05:43""}, {""reg_number"": """", ""company"": ""QINGDAO OCEAN RICH MARINE SERVICE CO LTD"", ""company_type"": ""International"", ""purchase_date"": ""04-01-2026 06:32""}, {""reg_number"": """", ""company"": ""HANIL FUJI KOREA CO LTD"", ""company_type"": ""International"", ""purchase_date"": ""17-01-2026 03:39""}, {""reg_number"": """", ""company"": ""DINTEC CO LTD"", ""company_type"": ""International"", ""purchase_date"": ""22-01-2026 05:39""}]","{""title"": ""Initial stores supply for the 6 new vessels under construction"", ""governorate"": ""Muscat"", ""wilayat"": ""Muscat"", ""envelope"": ""Two Envelope""}","2026-05-02 01:37:26","2026-05-02 01:37:26"
34,"2026/16/ب م ع/ م ر -11","Contract for the Operational.....","Central Bank of Oman","Electromechanical and Telecommunications Contracting and Mai",200.0,"New/Floated Tenders",[],"[{""reg_number"": ""00001249"", ""company"": ""MIDEAST DATA SYSTEM LLC"", ""company_type"": ""Local"", ""purchase_date"": ""15-04-2026 16:27""}, {""reg_number"": ""00001333"", ""company"": ""TAWOOS INDUSTRIAL SERVICES COMPANY LLC"", ""company_type"": ""Local"", ""purchase_date"": ""16-04-2026 09:12""}, {""reg_number"": ""00000331"", ""company"": ""GENERAL ELECTRIC AND TRADING CO (GENETCO)"", ""company_type"": ""Local"", ""purchase_date"": ""16-04-2026 10:48""}, {""reg_number"": ""00000557"", ""company"": ""AL NABA SERVICES LLC"", ""company_type"": ""Local"", ""purchase_date"": ""19-04-2026 09:39""}, {""reg_number"": ""00006203"", ""company"": ""PRECISION SKILLS INTERNATIONAL"", ""company_type"": ""Local"", ""purchase_date"": ""19-04-2026 20:12""}, {""reg_number"": ""00005095"", ""company"": ""JAL ENGINEERING SERVICES"", ""company_type"": ""Local"", ""purchase_date"": ""22-04-2026 12:43""}, {""reg_number"": ""00003112"", ""company"": ""AL TASNIM ENTERPRISES"", ""company_type"": ""Local"", ""purchase_date"": ""22-04-2026 14:01""}]","{""title"": ""Contract for the Operational and Facilities Management for the Central Bank of Oman Building in Knowledge Oasis Muscat"", ""governorate"": ""Muscat"", ""wilayat"": ""Muscat"", ""envelope"": ""Two Bid Envelope DG""}","2026-05-02 01:37:26","2026-05-02 01:37:26"
35,"2026/14/ب م ع/ م ر -9","upgrade DDI solution","Central Bank of Oman","Information Technology Services [Excellent,First]",200.0,"New/Floated Tenders",[],"[{""reg_number"": ""00001650"", ""company"": ""Gulf Business Machines (Oman) CO"", ""company_type"": ""Local"", ""purchase_date"": ""12-04-2026 12:11""}, {""reg_number"": ""00000259"", ""company"": ""MHD INFOTECH LLC"", ""company_type"": ""Local"", ""purchase_date"": ""15-04-2026 13:58""}, {""reg_number"": ""00000771"", ""company"": ""INTERNATIONAL INFORMATION TECHNOLOGY CO"", ""company_type"": ""Local"", ""purchase_date"": ""19-04-2026 12:23""}]","{""title"": ""upgrade DDI solution"", ""governorate"": ""Muscat"", ""wilayat"": ""Muscat"", ""envelope"": ""Two Bid Envelope DG""}","2026-05-02 01:37:26","2026-05-02 01:37:26"
36,"2026/7/ب م ع/ م ر -6","RFP for Data Center Infrastr.....","Central Bank of Oman","Information Technology Services [Excellent,First,Second]",200.0,"New/Floated Tenders","[{""company"": ""ORIENTAL CONSTRUCTION & TRADING"", ""offer_type"": ""Main"", ""quoted_value"": ""4651.250"", ""status"": ""Financial Bid Opened""}, {""company"": ""AL RAHBA AL MUTMAIZA ENT"", ""offer_type"": ""Main"", ""quoted_value"": ""3530.500"", ""status"": ""Financial Bid Opened""}, {""company"": ""TALAL AL ANDLOS"", ""offer_type"": ""Main"", ""quoted_value"": ""5497.000"", ""status"": ""Financial Bid Opened""}, {""company"": ""ADVANCED SUPPLIES TRAD AND CONT"", ""offer_type"": ""Main"", ""quoted_value"": ""3220.000"", ""status"": ""Financial Bid Opened""}, {""company"": ""NEW VILLAGE BUSINESS"", ""offer_type"": ""Main"", ""quoted_value"": ""3910.000"", ""status"": ""Financial Bid Opened""}, {""company"": ""THE PRIDE OF THE DISTINGUISHED HOUSE"", ""offer_type"": ""Main"", ""quoted_value"": ""176.005"", ""status"": ""Financial Bid Opened""}, {""company"": ""UNITED TECHNICAL SUPPLIES"", ""offer_type"": ""Main"", ""quoted_value"": ""4340.000"", ""status"": ""Financial Bid Opened""}, {""company"": ""AL HASHMI ENGINEERING & BUSINESS LLC"", ""offer_type"": ""Main"", ""quoted_value"": ""3220.000"", ""status"": ""Financial Bid Opened""}, {""company"": ""BASATEEN AL MSRRAH TRADING"", ""offer_type"": ""Main"", ""quoted_value"": ""3622.500"", ""status"": ""Financial Bid Opened""}]",[],"{""title"": ""Supply and purchase of (115) bottles of dye, expiry date (20) liters"", ""governorate"": ""Al Dakhiliyah"", ""wilayat"": ""Nizwa"", ""envelope"": ""Purchase""}","2026-05-02 01:37:26","2026-05-02 01:37:26"
37,"2019/10/ب م ع/د ت م-2","AMC for KOM Virtualization E.....","Central Bank of Oman","Information Technology Services [Excellent,First]",200.0,"New/Floated Tenders",[],"[{""reg_number"": ""00001650"", ""company"": ""Gulf Business Machines (Oman) CO"", ""company_type"": ""Local"", ""purchase_date"": ""11-11-2019 10:10""}, {""reg_number"": ""00002842"", ""company"": ""ADVANCED BUSINESS COMPUTING"", ""company_type"": ""Local"", ""purchase_date"": ""02-12-2019 15:22""}, {""reg_number"": ""00007305"", ""company"": ""ALMAMARI GLOBAL GROUP OF COMMERCE AND INDUSTRY"", ""company_type"": ""Local"", ""purchase_date"": ""05-12-2019 12:08""}]","{""title"": ""AMC for KOM Virtualization Environment Hardware"", ""governorate"": ""Muscat"", ""wilayat"": ""Muscat"", ""envelope"": ""Single Envelope""}","2026-05-02 01:37:26","2026-05-02 01:37:26"
38,"2026/2/م م/ م ك-1","Maintenance of Roads in Al A.....","Muscat Municipality","Construction of Ports Roads Bridges Railways Dams and Mainte",200.0,"In-Process Tenders","[{""company"": ""BLACK BOX TECHNOLOGY"", ""offer_type"": ""Main"", ""quoted_value"": ""Financial Bid Opened"", ""status"": """"}, {""company"": ""TECH IT SUPPORT ADVANCED AND  SERVICES LLC"", ""offer_type"": ""Main"", ""quoted_value"": ""Financial Bid Opened"", ""status"": """"}, {""company"": ""INTERNATIONAL INFORMATION TECHNOLOGY CO"", ""offer_type"": ""Main"", ""quoted_value"": ""Financial Bid Opened"", ""status"": """"}, {""company"": ""SPECIALIZED DATA SYSTEMS"", ""offer_type"": ""Main"", ""quoted_value"": ""Financial Bid Opened"", ""status"": """"}, {""company"": ""AL NAHLA SOLUTIONS"", ""offer_type"": ""Main"", ""quoted_value"": ""Financial Bid Opened"", ""status"": """"}, {""company"": ""OMAN DATA PARK"", ""offer_type"": ""Main"", ""quoted_value"": ""Financial Bid Opened"", ""status"": """"}, {""company"": ""ADVANCED CONTROL SYSTEMS AND COMMUNICATIONS"", ""offer_type"": ""Main"", ""quoted_value"": ""Financial Bid Opened"", ""status"": """"}, {""company"": ""GULF BUSINESS MACHINES (OMAN) CO"", ""offer_type"": ""Main"", ""quoted_value"": ""Financial Bid Opened"", ""status"": """"}]","[{""reg_number"": ""00000975"", ""company"": ""AL NAHLA SOLUTIONS"", ""company_type"": ""Local"", ""purchase_date"": ""17-02-2026 17:17""}, {""reg_number"": ""00005301"", ""company"": ""Specialized Data Systems"", ""company_type"": ""Local"", ""purchase_date"": ""18-02-2026 11:47""}, {""reg_number"": ""00000259"", ""company"": ""MHD INFOTECH LLC"", ""company_type"": ""Local"", ""purchase_date"": ""18-02-2026 12:53""}, {""reg_number"": ""00015403"", ""company"": ""Black Box Technology"", ""company_type"": ""Local"", ""purchase_date"": ""19-02-2026 08:32""}, {""reg_number"": ""00000017"", ""company"": ""Industrial Management Technology and Contracting"", ""company_type"": ""Local"", ""purchase_date"": ""19-02-2026 15:21""}, {""reg_number"": ""00000771"", ""company"": ""INTERNATIONAL INFORMATION TECHNOLOGY CO"", ""company_type"": ""Local"", ""purchase_date"": ""22-02-2026 09:05""}, {""reg_number"": ""00007333"", ""company"": ""GLOBAL TECHNOLOGY SOLUTION LLC"", ""company_type"": ""Local"", ""purchase_date"": ""22-02-2026 10:49""}, {""reg_number"": ""00001043"", ""company"": ""Oman data Park"", ""company_type"": ""Local"", ""purchase_date"": ""22-02-2026 13:11""}, {""reg_number"": ""00001881"", ""company"": ""NASMA TELECOMMUNICATIONS"", ""company_type"": ""Local"", ""purchase_date"": ""22-02-2026 13:15""}, {""reg_number"": ""00007892"", ""company"": ""TECH IT SUPPORT ADVANCED AND  SERVICES LLC"", ""company_type"": ""Local"", ""purchase_date"": ""22-02-2026 14:12""}, {""reg_number"": ""00002842"", ""company"": ""ADVANCED BUSINESS COMPUTING"", ""company_type"": ""Local"", ""purchase_date"": ""24-02-2026 11:55""}, {""reg_number"": ""00001650"", ""company"": ""Gulf Business Machines (Oman) CO"", ""company_type"": ""Local"", ""purchase_date"": ""24-02-2026 13:43""}, {""reg_number"": ""00001446"", ""company"": ""OVERSEAS BUSINESS MACHINES"", ""company_type"": ""Local"", ""purchase_date"": ""24-02-2026 15:03""}, {""reg_number"": ""00003743"", ""company"": ""Advanced control systems and communications"", ""company_type"": ""Local"", ""purchase_date"": ""24-02-2026 15:29""}, {""reg_number"": ""00000177"", ""company"": ""LARSEN AND TOUBRO (OMAN)"", ""company_type"": ""Local"", ""purchase_date"": ""26-02-2026 17:51""}]","{""title"": ""RFP for replacement the virtual environment equipment of the Central Bank of Oman"", ""governorate"": ""Muscat"", ""wilayat"": ""Muscat"", ""envelope"": ""Two Bid Envelope DG""}","2026-05-02 01:37:26","2026-05-02 01:37:26"
39,"2025/48/ب م ع/ م ر -28","Implementation of DATA WAREH.....","Central Bank of Oman","Information Technology Services [Excellent,First,Second,Thir",200.0,"In-Process Tenders","[{""company"": ""ADVANCED BUSINESS COMPUTING"", ""offer_type"": ""Main"", ""quoted_value"": """", ""status"": ""Technical Bid Opened""}, {""company"": ""OMAN DATA PARK"", ""offer_type"": ""Main"", ""quoted_value"": """", ""status"": ""Technical Bid Opened""}, {""company"": ""DIYAR UNITED TRAD AND CONT C.O"", ""offer_type"": ""Main"", ""quoted_value"": """", ""status"": ""Technical Bid Opened""}, {""company"": ""FUTURE HEALTH"", ""offer_type"": ""Main"", ""quoted_value"": """", ""status"": ""Technical Bid Opened""}, {""company"": ""SOFTWARE SYSTEMS"", ""offer_type"": ""Main"", ""quoted_value"": """", ""status"": ""Technical Bid Opened""}, {""company"": ""INTERNATIONAL INFORMATION TECHNOLOGY CO"", ""offer_type"": ""Main"", ""quoted_value"": """", ""status"": ""Technical Bid Opened""}, {""company"": ""OMAN COMPUTER SERVICES"", ""offer_type"": ""Main"", ""quoted_value"": """", ""status"": ""Technical Bid Opened""}, {""company"": ""EAST AND WEST INFORMATION TECHNOLOGY SOLUTION"", ""offer_type"": ""Main"", ""quoted_value"": """", ""status"": ""Technical Bid Opened""}]","[{""reg_number"": ""00010468"", ""company"": ""FUTURE HEALTH"", ""company_type"": ""Local"", ""purchase_date"": ""16-12-2025 19:58""}, {""reg_number"": ""00003184"", ""company"": ""SOFTWARE SYSTEMS"", ""company_type"": ""Local"", ""purchase_date"": ""17-12-2025 09:59""}, {""reg_number"": ""00012026"", ""company"": ""EAST AND WEST INFORMATION TECHNOLOGY SOLUTION"", ""company_type"": ""Local"", ""purchase_date"": ""17-12-2025 10:51""}, {""reg_number"": ""00002842"", ""company"": ""ADVANCED BUSINESS COMPUTING"", ""company_type"": ""Local"", ""purchase_date"": ""17-12-2025 12:13""}, {""reg_number"": ""00001043"", ""company"": ""Oman data Park"", ""company_type"": ""Local"", ""purchase_date"": ""18-12-2025 09:40""}, {""reg_number"": ""00000771"", ""company"": ""INTERNATIONAL INFORMATION TECHNOLOGY CO"", ""company_type"": ""Local"", ""purchase_date"": ""21-12-2025 08:44""}, {""reg_number"": ""00001264"", ""company"": ""Oman Computer Services"", ""company_type"": ""Local"", ""purchase_date"": ""21-12-2025 11:55""}, {""reg_number"": ""00008353"", ""company"": ""DIYAR UNITED TRAD AND CONT C.O"", ""company_type"": ""Local"", ""purchase_date"": ""21-12-2025 14:20""}]","{""title"": ""Implementation of DATA WAREHOUSE and ANALYTICS"", ""governorate"": ""Muscat"", ""wilayat"": ""Muscat"", ""envelope"": ""Two Bid Envelope DG""}","2026-05-02 01:37:26","2026-05-02 01:37:26"
40,"2026/31/و إ ت ع/ م ر -6","Sultan Haitham City Phase 01.....","Ministry of Housing and Urban Planning","Construction of Ports Roads Bridges Railways Dams and Mainte",190.0,"New/Floated Tenders",[],"[{""reg_number"": ""00011267"", ""company"": ""Al Raki Engineering and Contracting"", ""company_type"": ""Local"", ""purchase_date"": ""14-03-2026 13:28""}, {""reg_number"": ""00001882"", ""company"": ""STRABAG OMAN"", ""company_type"": ""Local"", ""purchase_date"": ""15-03-2026 08:08""}, {""reg_number"": ""00006596"", ""company"": ""United Gulf Construction Co. Oman Branch"", ""company_type"": ""Local"", ""purchase_date"": ""15-03-2026 09:59""}, {""reg_number"": ""00003199"", ""company"": ""AL-SHAFAQ CONSTRUCTIONS CO."", ""company_type"": ""SME"", ""purchase_date"": ""15-03-2026 10:14""}, {""reg_number"": """", ""company"": ""SERKA TAAHHUT INSAAT AS"", ""company_type"": ""International"", ""purchase_date"": ""15-03-2026 11:53""}, {""reg_number"": ""00003776"", ""company"": ""AZ ENGINEERS AND PARTNERS"", ""company_type"": ""Local"", ""purchase_date"": ""15-03-2026 15:40""}, {""reg_number"": """", ""company"": ""GONUC INSAAT AS"", ""company_type"": ""International"", ""purchase_date"": ""16-03-2026 08:49""}, {""reg_number"": ""00000464"", ""company"": ""GALFAR ENGINEERING AND CONTRACTING"", ""company_type"": ""Local"", ""purchase_date"": ""16-03-2026 10:46""}, {""reg_number"": ""00001733"", ""company"": ""ARABIAN SEA LIGHTS TRADING AND SERVICES"", ""company_type"": ""SME"", ""purchase_date"": ""16-03-2026 11:52""}, {""reg_number"": ""00003976"", ""company"": ""JALMOOD NATIONAL"", ""company_type"": ""Local"", ""purchase_date"": ""17-03-2026 09:17""}, {""reg_number"": ""00009996"", ""company"": ""Salman AL Askari"", ""company_type"": ""SME"", ""purchase_date"": ""17-03-2026 09:59""}, {""reg_number"": ""00008139"", ""company"": ""SAD AL KHALEJ ENGENEERING"", ""company_type"": ""SME"", ""purchase_date"": ""17-03-2026 10:45""}, {""reg_number"": ""00000430"", ""company"": ""HIGH TOWER DEVELOPMENT & INVESTMENT"", ""company_type"": ""SME"", ""purchase_date"": ""17-03-2026 11:20""}, {""reg_number"": ""00003112"", ""company"": ""AL TASNIM ENTERPRISES"", ""company_type"": ""Local"", ""purchase_date"": ""17-03-2026 13:27""}, {""reg_number"": ""00002320"", ""company"": ""OMAN GULF COMPANY SAOC"", ""company_type"": ""Local"", ""purchase_date"": ""17-03-2026 13:49""}, {""reg_number"": ""00001255"", ""company"": ""The Arab Contractors Oman Limited"", ""company_type"": ""Local"", ""purchase_date"": ""18-03-2026 10:25""}, {""reg_number"": ""00002729"", ""company"": ""MARMUL CONTRACTING AND TRADING"", ""company_type"": ""Local"", ""purchase_date"": ""18-03-2026 11:12""}, {""reg_number"": """", ""company"": ""EDECS EL DAWLIA FOR CONTRACTING"", ""company_type"": ""International"", ""purchase_date"": ""18-03-2026 14:20""}, {""reg_number"": """", ""company"": ""CONCRETE PLUS FOR CONTRACTING AND INDUSTRY"", ""company_type"": ""International"", ""purchase_date"": ""18-03-2026 14:38""}, {""reg_number"": ""00000177"", ""company"": ""LARSEN AND TOUBRO (OMAN)"", ""company_type"": ""Local"", ""purchase_date"": ""24-03-2026 09:04""}, {""reg_number"": ""00008289"", ""company"": ""OMAN ENGINEERING AND CONTRACTING CO"", ""company_type"": ""SME"", ""purchase_date"": ""24-03-2026 13:11""}, {""reg_number"": """", ""company"": ""PORTEX INSAAT SANAYII TICARET LIMITED SIRKETI"", ""company_type"": ""International"", ""purchase_date"": ""24-03-2026 16:05""}, {""reg_number"": ""00009501"", ""company"": ""Hassan Allam Construction"", ""company_type"": ""Local"", ""purchase_date"": ""24-03-2026 16:12""}, {""reg_number"": ""00014701"", ""company"": ""EAMR AL-Mustagbal Engineering"", ""company_type"": ""SME"", ""purchase_date"": ""24-03-2026 18:33""}, {""reg_number"": ""00008201"", ""company"": ""BINMALAZI TRADING"", ""company_type"": ""SME"", ""purchase_date"": ""25-03-2026 09:53""}, {""reg_number"": ""00002305"", ""company"": ""Sarooj Construction Company"", ""company_type"": ""Local"", ""purchase_date"": ""26-03-2026 10:36""}, {""reg_number"": ""00008619"", ""company"": ""NAJED AL AHLIYA"", ""company_type"": ""Local"", ""purchase_date"": ""26-03-2026 13:21""}, {""reg_number"": ""00000415"", ""company"": ""TILAL NIMAR TRADING AND CONSTRACTING"", ""company_type"": ""Local"", ""purchase_date"": ""26-03-2026 15:59""}, {""reg_number"": """", ""company"": ""CONCORD FOR ENGINEERING AND CONTRACTING"", ""company_type"": ""International"", ""purchase_date"": ""27-03-2026 01:31""}, {""reg_number"": ""00016943"", ""company"": ""HASSAN ALLAM CONTRACTING AND CONSTRUCTION"", ""company_type"": ""Local"", ""purchase_date"": ""28-03-2026 10:29""}, {""reg_number"": ""00008006"", ""company"": ""WHITE PEARL INTERNATIONAL LLC"", ""company_type"": ""Local"", ""purchase_date"": ""28-03-2026 16:22""}, {""reg_number"": ""00005742"", ""company"": ""SHANFARI AND PARTNERS CO"", ""company_type"": ""Local"", ""purchase_date"": ""29-03-2026 08:39""}, {""reg_number"": ""00002693"", ""company"": ""TARGET"", ""company_type"": ""Local"", ""purchase_date"": ""29-03-2026 11:31""}, {""reg_number"": ""00005690"", ""company"": ""Yellow Horizon Trading"", ""company_type"": ""SME"", ""purchase_date"": ""29-03-2026 16:39""}]","{""title"": ""Sultan Haitham City Phase 01, WP16 - Construction of Transport Network Connectivities from Sultan Qaboos Road and Associ"", ""governorate"": ""Muscat"", ""wilayat"": ""Muscat"", ""envelope"": ""Single Envelope""}","2026-05-02 01:37:26","2026-05-02 01:37:26"
41,"2021/8/ ن ا د","Tender for New Asphalt Road .....","A Namaa Poultry Co. SAOC","Construction of Ports Roads Bridges Railways Dams and Mainte",100.0,"New/Floated Tenders",[],"[{""reg_number"": ""00007972"", ""company"": ""RAWASI ROAD SERVICES L.L.C"", ""company_type"": ""Local"", ""purchase_date"": ""20-01-2021 12:12""}, {""reg_number"": ""00005742"", ""company"": ""SHANFARI AND PARTNERS CO"", ""company_type"": ""Local"", ""purchase_date"": ""20-01-2021 12:41""}, {""reg_number"": ""00000113"", ""company"": ""RIMAL GLOBAL TECHNICAL SERVICES"", ""company_type"": ""Local"", ""purchase_date"": ""24-01-2021 17:06""}, {""reg_number"": ""00000496"", ""company"": ""ANWAAR FAHUDFOR TRADING LLC"", ""company_type"": ""Local"", ""purchase_date"": ""03-02-2021 14:49""}, {""reg_number"": ""00006195"", ""company"": ""SUHOOL HAMRA AL DAROU CO ASSTD"", ""company_type"": ""Local"", ""purchase_date"": ""03-02-2021 18:04""}]","{""title"": ""Tender for New Asphalt Road on Existing External Road From Dhank Roundabout to All A'Namaa Poultry Plots"", ""governorate"": ""Al Dhahira"", ""wilayat"": ""Ibri"", ""envelope"": ""Single Envelope""}","2026-05-02 01:37:26","2026-05-02 01:37:26"
42,"2025/39/م م ش ش/ م ر -16 - اعادة طرح - 1","DESIGN AND CONSTRUCTION OF I.....","North Al Sharqiyah Governor Office","Construction of Ports Roads Bridges Railways Dams and Mainte",100.0,"In-Process Tenders","[{""company"": ""BINMALAZI TRADING"", ""offer_type"": ""Main"", ""quoted_value"": ""1698675.000"", ""status"": ""Financial Bid Opened""}, {""company"": ""WHITE PEARL INTERNATIONAL LLC"", ""offer_type"": ""Main"", ""quoted_value"": ""2428815.000"", ""status"": ""Financial Bid Opened""}, {""company"": ""YELLOW HORIZON TRADING"", ""offer_type"": ""Main"", ""quoted_value"": ""3189276.000"", ""status"": ""Financial Bid Opened""}, {""company"": ""SHUAA ALFATH GOLDEN TRADING"", ""offer_type"": ""Main"", ""quoted_value"": ""2539580.756"", ""status"": ""Financial Bid Opened""}, {""company"": ""AL TEHOON TRAD AND CONT CO"", ""offer_type"": ""Main"", ""quoted_value"": ""1922866.000"", ""status"": ""Financial Bid Opened""}, {""company"": ""\u0650AWTAD ENGINEERING SERVICES"", ""offer_type"": ""Main"", ""quoted_value"": ""2786048.000"", ""status"": ""Financial Bid Opened""}, {""company"": ""SALMAN AL ASKARI"", ""offer_type"": ""Main"", ""quoted_value"": ""2064880.000"", ""status"": ""Financial Bid Opened""}, {""company"": ""EKK INTERNATIONAL"", ""offer_type"": ""Main"", ""quoted_value"": ""2413886.000"", ""status"": ""Financial Bid Opened""}, {""company"": ""AL RAKI ENGINEERING AND CONTRACTING"", ""offer_type"": ""Main"", ""quoted_value"": ""1889018.000"", ""status"": ""Financial Bid Opened""}, {""company"": ""AL HOOTI ENGINEERING AND SERVICES LLC"", ""offer_type"": ""Main"", ""quoted_value"": ""1975201.250"", ""status"": ""Financial Bid Opened""}, {""company"": ""AL FAZARI UNITED TRADING AND CONTRACTION"", ""offer_type"": ""Main"", ""quoted_value"": ""2770913.000"", ""status"": ""Financial Bid Opened""}, {""company"": ""AL MUR AL NAJADI ENTERPRISES"", ""offer_type"": ""Main"", ""quoted_value"": ""1575000.000"", ""status"": ""Financial Bid Opened""}, {""company"": ""EAMR AL-MUSTAGBAL ENGINEERING"", ""offer_type"": ""Main"", ""quoted_value"": ""3892545.000"", ""status"": ""Financial Bid Opened""}, {""company"": ""GLOBAL DEVELOPMENT TRADING & CONT.LLC"", ""offer_type"": ""Main"", ""quoted_value"": ""1921500.000"", ""status"": ""Financial Bid Opened""}, {""company"": ""MUSCAT SMART PROJECTS"", ""offer_type"": ""Main"", ""quoted_value"": ""2109217.853"", ""status"": ""Financial Bid Opened""}, {""company"": ""BAHJAT ALKHAWIR UNITED"", ""offer_type"": ""Main"", ""quoted_value"": ""1882750.000"", ""status"": ""Financial Bid Opened""}, {""company"": ""INTERNATIONAL AIRLINES COMPREHENSIVE CONTRACTING COMPANY"", ""offer_type"": ""Main"", ""quoted_value"": ""1973450.000"", ""status"": ""Financial Bid Opened""}, {""company"": ""FAHUD TOWERS TRADING"", ""offer_type"": ""Main"", ""quoted_value"": ""2061181.000"", ""status"": ""Financial Bid Opened""}, {""company"": ""HORMUZ EAGLE"", ""offer_type"": ""Main"", ""quoted_value"": ""2358510.000"", ""status"": ""Financial Bid Opened""}, {""company"": ""ALEMTIAZ ALAHLIA"", ""offer_type"": ""Main"", ""quoted_value"": ""2450000.000"", ""status"": ""Financial Bid Opened""}, {""company"": ""GLOBAL INDUSTRIES AND COMMERCIAL SERVICES"", ""offer_type"": ""Main"", ""quoted_value"": ""1867585.000"", ""status"": ""Financial Bid Opened""}, {""company"": ""AMJAAD RUWI TRADING AND CONT LLC"", ""offer_type"": ""Main"", ""quoted_value"": ""2364233.495"", ""status"": ""Financial Bid Opened""}, {""company"": ""GULF ISLAND INTERNATIONAL LLC"", ""offer_type"": ""Main"", ""quoted_value"": ""1848095.444"", ""status"": ""Financial Bid Opened""}, {""company"": ""DUNES INTERNATIONAL PROJECTS LLC"", ""offer_type"": ""Main"", ""quoted_value"": ""2848850.000"", ""status"": ""Financial Bid Opened""}]","[{""reg_number"": ""00004976"", ""company"": ""Bahjat Alkhawir united"", ""company_type"": ""SME"", ""purchase_date"": ""27-01-2026 16:26""}, {""reg_number"": ""00009996"", ""company"": ""Salman AL Askari"", ""company_type"": ""SME"", ""purchase_date"": ""27-01-2026 16:38""}, {""reg_number"": ""00012745"", ""company"": ""International Airlines Comprehensive Contracting Company"", ""company_type"": ""SME"", ""purchase_date"": ""27-01-2026 17:08""}, {""reg_number"": ""00015558"", ""company"": ""GULF ISLAND INTERNATIONAL LLC"", ""company_type"": ""SME"", ""purchase_date"": ""27-01-2026 18:12""}, {""reg_number"": ""00000430"", ""company"": ""HIGH TOWER DEVELOPMENT & INVESTMENT"", ""company_type"": ""SME"", ""purchase_date"": ""27-01-2026 18:52""}, {""reg_number"": ""00014701"", ""company"": ""EAMR AL-Mustagbal Engineering"", ""company_type"": ""SME"", ""purchase_date"": ""28-01-2026 09:18""}, {""reg_number"": ""00005485"", ""company"": ""AL MUR AL NAJADI ENTERPRISES"", ""company_type"": ""SME"", ""purchase_date"": ""28-01-2026 11:13""}, {""reg_number"": ""00004861"", ""company"": ""AL FAZARI UNITED TRADING AND CONTRACTION"", ""company_type"": ""SME"", ""purchase_date"": ""28-01-2026 11:58""}, {""reg_number"": ""00011090"", ""company"": ""AL HOOTI ENGINEERING AND SERVICES LLC"", ""company_type"": ""SME"", ""purchase_date"": ""28-01-2026 14:10""}, {""reg_number"": ""00005958"", ""company"": ""MUSCAT SMART PROJECTS"", ""company_type"": ""SME"", ""purchase_date"": ""28-01-2026 18:33""}, {""reg_number"": ""00003339"", ""company"": ""ALEMTIAZ ALAHLIA"", ""company_type"": ""Local"", ""purchase_date"": ""29-01-2026 10:14""}, {""reg_number"": ""00011003"", ""company"": ""MARMUL MINING"", ""company_type"": ""Local"", ""purchase_date"": ""29-01-2026 13:57""}, {""reg_number"": ""00001599"", ""company"": ""DESERT CONVOY LLC"", ""company_type"": ""Local"", ""purchase_date"": ""29-01-2026 15:10""}, {""reg_number"": ""00005359"", ""company"": ""FAHUD TOWERS TRADING"", ""company_type"": ""SME"", ""purchase_date"": ""29-01-2026 19:03""}, {""reg_number"": ""00010467"", ""company"": ""HORMUZ EAGLE"", ""company_type"": ""SME"", ""purchase_date"": ""30-01-2026 21:47""}, {""reg_number"": ""00001876"", ""company"": ""AL TEHOON TRAD AND CONT CO"", ""company_type"": ""SME"", ""purchase_date"": ""31-01-2026 18:25""}, {""reg_number"": ""00006387"", ""company"": ""\u0650Awtad Engineering services"", ""company_type"": ""Local"", ""purchase_date"": ""01-02-2026 13:15""}, {""reg_number"": ""00001695"", ""company"": ""GLOBAL INDUSTRIES AND COMMERCIAL SERVICES"", ""company_type"": ""SME"", ""purchase_date"": ""01-02-2026 13:25""}, {""reg_number"": ""00005690"", ""company"": ""Yellow Horizon Trading"", ""company_type"": ""SME"", ""purchase_date"": ""03-02-2026 09:58""}, {""reg_number"": ""00003080"", ""company"": ""AL ZARRAQ TRADING ENTERPRISES LLC"", ""company_type"": ""Local"", ""purchase_date"": ""03-02-2026 10:51""}, {""reg_number"": ""00002830"", ""company"": ""DUNES INTERNATIONAL PROJECTS LLC"", ""company_type"": ""Local"", ""purchase_date"": ""04-02-2026 09:08""}, {""reg_number"": ""00014961"", ""company"": ""EKK INTERNATIONAL"", ""company_type"": ""Local"", ""purchase_date"": ""07-02-2026 09:27""}, {""reg_number"": ""00011267"", ""company"": ""Al Raki Engineering and Contracting"", ""company_type"": ""Local"", ""purchase_date"": ""07-02-2026 10:53""}, {""reg_number"": ""00010340"", ""company"": ""MASHAA TRADING AND CONTRACTING"", ""company_type"": ""SME"", ""purchase_date"": ""08-02-2026 10:08""}, {""reg_number"": ""00002125"", ""company"": ""AMJAAD RUWI TRADING AND CONT LLC"", ""company_type"": ""Local"", ""purchase_date"": ""08-02-2026 10:52""}, {""reg_number"": ""00008201"", ""company"": ""BINMALAZI TRADING"", ""company_type"": ""SME"", ""purchase_date"": ""08-02-2026 11:20""}, {""reg_number"": ""00009841"", ""company"": ""SHUAA ALFATH GOLDEN TRADING"", ""company_type"": ""SME"", ""purchase_date"": ""08-02-2026 12:15""}, {""reg_number"": ""00008289"", ""company"": ""OMAN ENGINEERING AND CONTRACTING CO"", ""company_type"": ""SME"", ""purchase_date"": ""08-02-2026 15:20""}, {""reg_number"": ""00003495"", ""company"": ""GLOBAL DEVELOPMENT TRADING & CONT.LLC"", ""company_type"": ""Local"", ""purchase_date"": ""08-02-2026 15:25""}, {""reg_number"": ""00008006"", ""company"": ""WHITE PEARL INTERNATIONAL LLC"", ""company_type"": ""Local"", ""purchase_date"": ""10-02-2026 11:56""}]","{""title"": ""DESIGN AND CONSTRUCTION OF INTERNAL ROADS IN WILAYAT WADI BANI KHALID- NORTH AL SHARQIYA GOVERNORATE"", ""governorate"": ""Al Sharqiyah North"", ""wilayat"": ""Ibra"", ""envelope"": ""Single Envelope""}","2026-05-02 01:37:26","2026-05-02 01:37:26"
43,"2026/3/ا ع م م","Construction of Asphalt Road.....","South Al Batinah Governor Office","Construction of Ports Roads Bridges Railways Dams and Mainte",91.0,"In-Process Tenders","[{""company"": ""QEMAT AL EHTIRAF TRADING AND SERVICES"", ""offer_type"": ""Main"", ""quoted_value"": ""54.300"", ""status"": ""Financial Bid Opened""}, {""company"": ""ALPHABET UNITED"", ""offer_type"": ""Main"", ""quoted_value"": ""97.500"", ""status"": ""Financial Bid Opened""}, {""company"": ""THE WORD FOR LEGAL TRANSLATION"", ""offer_type"": ""Main"", ""quoted_value"": ""489.000"", ""status"": ""Financial Bid Opened""}, {""company"": ""DIAMOND BUSINESS SHIELD"", ""offer_type"": ""Main"", ""quoted_value"": ""24162.600"", ""status"": ""Financial Bid Opened""}, {""company"": ""BRAND PUBLIC RELATIONS"", ""offer_type"": ""Main"", ""quoted_value"": ""88.200"", ""status"": ""Financial Bid Opened""}, {""company"": ""CREATIVE CONTETN"", ""offer_type"": ""Main"", ""quoted_value"": ""79.000"", ""status"": ""Financial Bid Opened""}, {""company"": ""DANAT ASAADA TRADING AND CONTRACTING"", ""offer_type"": ""Main"", ""quoted_value"": ""38.500"", ""status"": ""Financial Bid Opened""}, {""company"": ""AL TARJUMAN TRDG AND CONST"", ""offer_type"": ""Main"", ""quoted_value"": ""110.000"", ""status"": ""Financial Bid Opened""}, {""company"": ""BADR AL BAYAN LEGAL TRANSLATIONS"", ""offer_type"": ""Main"", ""quoted_value"": ""69.000"", ""status"": ""Financial Bid Opened""}, {""company"": ""PREMIERS SERVICES"", ""offer_type"": ""Main"", ""quoted_value"": ""58.800"", ""status"": ""Financial Bid Opened""}, {""company"": ""ZEENAH"", ""offer_type"": ""Main"", ""quoted_value"": ""67.000"", ""status"": ""Financial Bid Opened""}, {""company"": ""ACCESS CENTRE TRANSLATION"", ""offer_type"": ""Main"", ""quoted_value"": ""39.000"", ""status"": ""Financial Bid Opened""}, {""company"": ""SEMAH"", ""offer_type"": ""Main"", ""quoted_value"": ""68.000"", ""status"": ""Financial Bid Opened""}, {""company"": ""SMAA AL FKER"", ""offer_type"": ""Main"", ""quoted_value"": ""36.000"", ""status"": ""Financial Bid Opened""}]","[{""reg_number"": ""00000232"", ""company"": ""BRAND PUBLIC RELATIONS"", ""company_type"": ""SME"", ""purchase_date"": ""24-03-2026 09:07""}, {""reg_number"": ""00006377"", ""company"": ""ALPHABET UNITED"", ""company_type"": ""SME"", ""purchase_date"": ""24-03-2026 11:50""}, {""reg_number"": ""00011175"", ""company"": ""FEKRAH FOR MEDIA SERVICES"", ""company_type"": ""SME"", ""purchase_date"": ""24-03-2026 19:38""}, {""reg_number"": ""00017464"", ""company"": ""DANAT ASAADA Trading and Contracting"", ""company_type"": ""Local"", ""purchase_date"": ""25-03-2026 10:50""}, {""reg_number"": ""00000530"", ""company"": ""ZEENAH"", ""company_type"": ""Local"", ""purchase_date"": ""25-03-2026 12:45""}, {""reg_number"": ""00017194"", ""company"": ""Dar Almaany For Translation and Services"", ""company_type"": ""Local"", ""purchase_date"": ""25-03-2026 15:55""}, {""reg_number"": ""00002388"", ""company"": ""AL TARJUMAN TRDG AND CONST"", ""company_type"": ""Local"", ""purchase_date"": ""26-03-2026 09:44""}, {""reg_number"": ""00013119"", ""company"": ""QEMAT AL EHTIRAF TRADING AND SERVICES"", ""company_type"": ""SME"", ""purchase_date"": ""26-03-2026 10:32""}, {""reg_number"": ""00009247"", ""company"": ""CREATIVE CONTETN"", ""company_type"": ""SME"", ""purchase_date"": ""29-03-2026 09:17""}, {""reg_number"": ""00010726"", ""company"": ""premiers services"", ""company_type"": ""SME"", ""purchase_date"": ""29-03-2026 12:13""}, {""reg_number"": ""00015524"", ""company"": ""SMAA AL FKER"", ""company_type"": ""SME"", ""purchase_date"": ""30-03-2026 14:02""}, {""reg_number"": ""00013808"", ""company"": ""The Word for Legal Translation"", ""company_type"": ""SME"", ""purchase_date"": ""31-03-2026 09:52""}, {""reg_number"": ""00004731"", ""company"": ""Badr Al Bayan Legal Translations"", ""company_type"": ""SME"", ""purchase_date"": ""31-03-2026 13:29""}, {""reg_number"": ""00012181"", ""company"": ""DIGITAL VISUALS"", ""company_type"": ""SME"", ""purchase_date"": ""31-03-2026 14:05""}, {""reg_number"": ""00007183"", ""company"": ""Access Centre Translation"", ""company_type"": ""Local"", ""purchase_date"": ""01-04-2026 18:57""}, {""reg_number"": ""00008577"", ""company"": ""SEMAH"", ""company_type"": ""SME"", ""purchase_date"": ""02-04-2026 16:37""}, {""reg_number"": ""00014694"", ""company"": ""Diamond Business Shield"", ""company_type"": ""SME"", ""purchase_date"": ""03-04-2026 21:48""}]","{""title"": ""translation Services"", ""governorate"": ""Muscat"", ""wilayat"": ""ASeeb"", ""envelope"": ""Single Envelope""}","2026-05-02 01:37:26","2026-05-02 01:37:26"
44,"2026/4/ا ع م م","CONSTRUCTION OF FLOOD PROTEC.....","Ministry of Agricultural, Fisheries Wealth and Water Resourc","Construction of Ports Roads Bridges Railways Dams and Mainte",79.0,"In-Process Tenders","[{""company"": ""AAUDAZ MARITIME PTE LTD"", ""offer_type"": ""Main"", ""quoted_value"": """", ""status"": ""Technical Bid Opened""}, {""company"": ""AL RAQI INTERNATIONAL BUSINESS COMPANY"", ""offer_type"": ""Main"", ""quoted_value"": """", ""status"": ""Technical Bid Opened""}, {""company"": ""HYUNDAI GLOBAL SERVICE MIDDLE EAST FZE"", ""offer_type"": ""Main"", ""quoted_value"": """", ""status"": ""Technical Bid Opened""}, {""company"": ""KAIZEN OFFSHORE & MARINE SOLUTIONS PTE LTD"", ""offer_type"": ""Main"", ""quoted_value"": """", ""status"": ""Technical Bid Opened""}, {""company"": ""SEAWORKS COMPANY"", ""offer_type"": ""Main"", ""quoted_value"": """", ""status"": ""Technical Bid Opened""}, {""company"": ""ENERGY SERVICES"", ""offer_type"": ""Main"", ""quoted_value"": """", ""status"": ""Technical Bid Opened""}, {""company"": ""SAFE TECHNICAL SUPPLY COMPANY LLC"", ""offer_type"": ""Main"", ""quoted_value"": """", ""status"": ""Technical Bid Opened""}, {""company"": ""KHIMJI RAMDAS"", ""offer_type"": ""Main"", ""quoted_value"": """", ""status"": ""Technical Bid Opened""}, {""company"": ""DAN MARINE SHANGHAI LTD"", ""offer_type"": ""Main"", ""quoted_value"": """", ""status"": ""Technical Bid Opened""}, {""company"": ""TARABUT TRADING"", ""offer_type"": ""Main"", ""quoted_value"": """", ""status"": ""Technical Bid Opened""}, {""company"": ""ALLSET INDUSTRIES AS"", ""offer_type"": ""Main"", ""quoted_value"": """", ""status"": ""Technical Bid Opened""}, {""company"": ""JOME ENGINEERING LLC"", ""offer_type"": ""Main"", ""quoted_value"": """", ""status"": ""Technical Bid Opened""}]",[],"{""title"": ""Supply of Anchor Chain Shackles and associated items for 5 Silver Vessels"", ""governorate"": ""Muscat"", ""wilayat"": ""Muscat"", ""envelope"": ""Two Envelope""}","2026-05-02 01:37:26","2026-05-02 01:37:26"
45,"2025/798/و ز ث س م/ م ر -90 - اعادة طرح - 1","EPC for Detailed Design and .....","Ministry of Agricultural, Fisheries Wealth and Water Resourc","Construction of Ports Roads Bridges Railways Dams and Mainte",60.0,"New/Floated Tenders","[{""company"": ""DETONATON BLASTING CONTRACTING"", ""offer_type"": """", ""quoted_value"": """", ""status"": ""Bid Submitted""}]","[{""reg_number"": ""00014981"", ""company"": ""Marmol Integrated"", ""company_type"": ""SME"", ""purchase_date"": ""13-04-2026 14:49""}, {""reg_number"": ""00001330"", ""company"": ""MASITAH INTERNATIONAL TECHNICAL AND MARINE SERVICES LLC"", ""company_type"": ""Local"", ""purchase_date"": ""15-04-2026 10:04""}, {""reg_number"": ""00002074"", ""company"": ""DETONATON BLASTING CONTRACTING"", ""company_type"": ""Local"", ""purchase_date"": ""19-04-2026 13:08""}, {""reg_number"": ""00000453"", ""company"": ""Khimji Ramdas Construction"", ""company_type"": ""Local"", ""purchase_date"": ""19-04-2026 18:09""}]","{""title"": ""EPC for Detailed Design and Construction - Modification to the Existing Breakwater at Gamdah \u2018Marfa\u2019 in Musandam Governo"", ""governorate"": ""Muscat"", ""wilayat"": ""Bowsher"", ""envelope"": ""Single Envelope""}","2026-05-02 01:37:26","2026-05-02 01:37:26"
46,"2021/43/م م/ م ر -31","Design and Construction of t.....","Muscat Municipality","Construction of Ports Roads Bridges Railways Dams and Mainte",50.0,"New/Floated Tenders",[],"[{""reg_number"": ""00007972"", ""company"": ""RAWASI ROAD SERVICES L.L.C"", ""company_type"": ""Local"", ""purchase_date"": ""09-08-2021 10:13""}, {""reg_number"": ""00000415"", ""company"": ""TILAL NIMAR TRADING AND CONSTRACTING"", ""company_type"": ""Local"", ""purchase_date"": ""10-08-2021 13:41""}, {""reg_number"": ""00006465"", ""company"": ""MIDDLE EAST TRAD AND CONT CO LTD"", ""company_type"": ""Local"", ""purchase_date"": ""12-08-2021 17:19""}, {""reg_number"": ""00001599"", ""company"": ""DESERT CONVOY LLC"", ""company_type"": ""Local"", ""purchase_date"": ""28-08-2021 09:24""}]","{""title"": ""Design and Construction of the widening of Al Qurm Street (PRE/20/039)"", ""governorate"": ""Muscat"", ""wilayat"": ""Muscat"", ""envelope"": ""Two Envelope""}","2026-05-02 01:37:26","2026-05-02 01:37:26"
47,70/2026/EA/PRC-55,"Maintenance and supply of th.....","Environment Authority","Construction and Maintenance [Third,Fourth]",,"","[{""company"": ""ALTANWEERALASRYAA"", ""offer_type"": ""Main"", ""quoted_value"": ""17279.250"", ""status"": ""Financial Bid Opened""}, {""company"": ""SORUH ALZHBAH ALHADDATH"", ""offer_type"": ""Main"", ""quoted_value"": ""20850.000"", ""status"": ""Financial Bid Opened""}, {""company"": ""CRYSTAL GLORY CONTRACTING"", ""offer_type"": ""Main"", ""quoted_value"": ""43876.800"", ""status"": ""Financial Bid Opened""}, {""company"": ""DAYAR ALMURTAFA TRD"", ""offer_type"": ""Alternate1"", ""quoted_value"": ""16573.650"", ""status"": ""Financial Bid Opened""}, {""company"": ""DAYAR ALMURTAFA TRD"", ""offer_type"": ""Main"", ""quoted_value"": ""17046.150"", ""status"": ""Financial Bid Opened""}, {""company"": ""AL FAZARI UNITED TRADING AND CONTRACTION"", ""offer_type"": ""Main"", ""quoted_value"": ""34339.300"", ""status"": ""Financial Bid Opened""}, {""company"": ""INTERNATIONAL ENGINEERING INDUSTRIES TRAD AND CONT"", ""offer_type"": ""Main"", ""quoted_value"": ""22476.800"", ""status"": ""Financial Bid Opened""}, {""company"": ""GROOB HIJ"", ""offer_type"": ""Main"", ""quoted_value"": ""39000.000"", ""status"": ""Financial Bid Opened""}, {""company"": ""ABU HANAN AL MAHROOQI TRAD CONT ENT"", ""offer_type"": ""Main"", ""quoted_value"": ""9950.000"", ""status"": ""Financial Bid Opened""}, {""company"": ""ROWNAK ALAASMA TRADING"", ""offer_type"": ""Main"", ""quoted_value"": ""16425.000"", ""status"": ""Financial Bid Opened""}, {""company"": ""AL ERSAA EMAAR"", ""offer_type"": ""Main"", ""quoted_value"": ""20997.925"", ""status"": ""Financial Bid Opened""}, {""company"": ""ABU AL MUHALB AL HATMI"", ""offer_type"": ""Main"", ""quoted_value"": ""21500.000"", ""status"": ""Financial Bid Opened""}, {""company"": ""QUARTET SOLUTIONS LLC"", ""offer_type"": ""Main"", ""quoted_value"": ""72561.375"", ""status"": ""Financial Bid Opened""}, {""company"": ""AL WALEED ALRSHIDI TRRD"", ""offer_type"": ""Main"", ""quoted_value"": ""21915.000"", ""status"": ""Financial Bid Opened""}]",[],"{""title"": ""Maintenance and supply of the Al-Sareen Reserve"", ""governorate"": ""Muscat"", ""wilayat"": ""Muscat"", ""envelope"": ""Purchase""}","2026-05-02 01:37:26","2026-05-02 01:37:26"
48,48/2026/DM/HQ-31,"Construction of a canopy at .....","Dhofar Municipality","Construction and Maintenance [Fourth]",,"","[{""company"": ""MODERN BUSINESS INTEGRATION"", ""offer_type"": ""Main"", ""quoted_value"": ""15750.000"", ""status"": ""Financial Bid Opened""}, {""company"": ""SLALT LLASTTHMARAT ALMTMYZT"", ""offer_type"": ""Main"", ""quoted_value"": ""21125.000"", ""status"": ""Financial Bid Opened""}, {""company"": ""GULF GENERAL CONTRACTING COMPANY"", ""offer_type"": ""Main"", ""quoted_value"": ""29257.500"", ""status"": ""Financial Bid Opened""}, {""company"": ""AL EDARAH TRAD AND CONT CO"", ""offer_type"": ""Main"", ""quoted_value"": ""48720.500"", ""status"": ""Financial Bid Opened""}, {""company"": ""EAMAR ALSHAMAL ALALAMIYAH"", ""offer_type"": ""Main"", ""quoted_value"": ""23890.000"", ""status"": ""Financial Bid Opened""}, {""company"": ""FORUMS OF MODERN GLORIES"", ""offer_type"": ""Main"", ""quoted_value"": ""21519.000"", ""status"": ""Financial Bid Opened""}, {""company"": ""INTERNATIONAL CONSTRUCTION AND CONTRACTING"", ""offer_type"": ""Main"", ""quoted_value"": ""28590.000"", ""status"": ""Financial Bid Opened""}, {""company"": ""ITQAN INTERNATIONAL CONTRACTING INVESTMENT"", ""offer_type"": ""Main"", ""quoted_value"": ""17922.000"", ""status"": ""Financial Bid Opened""}, {""company"": ""PUBLIC SERVICE EST"", ""offer_type"": ""Main"", ""quoted_value"": ""12700.000"", ""status"": ""Financial Bid Opened""}, {""company"": ""NATIONAL INSTALLATIONS CONT"", ""offer_type"": ""Main"", ""quoted_value"": ""13590.000"", ""status"": ""Financial Bid Opened""}, {""company"": ""MOHAMMED ALI AL-ABD AL-MASAHLI FOUNDATION"", ""offer_type"": ""Main"", ""quoted_value"": ""10248.000"", ""status"": ""Financial Bid Opened""}, {""company"": ""MARSA AL NAJAH INTERNATIONAL INVESTMENT CO"", ""offer_type"": ""Main"", ""quoted_value"": ""23187.500"", ""status"": ""Financial Bid Opened""}, {""company"": ""ARAB VISION FOR INVESTMENT"", ""offer_type"": ""Main"", ""quoted_value"": ""13560.000"", ""status"": ""Financial Bid Opened""}, {""company"": ""MASHREQ AL GHUBRAH PROJECTS"", ""offer_type"": ""Main"", ""quoted_value"": ""15587.250"", ""status"": ""Financial Bid Opened""}, {""company"": ""FAST ENERGY BUSINESS COMPANY"", ""offer_type"": ""Main"", ""quoted_value"": ""1479995.000"", ""status"": ""Financial Bid Opened""}, {""company"": ""TAKATOF GULF UNITED TRAD & CONT EST"", ""offer_type"": ""Main"", ""quoted_value"": ""29700.000"", ""status"": ""Financial Bid Opened""}, {""company"": ""AIDEM TECHNICAL TRADING COMPANY"", ""offer_type"": ""Main"", ""quoted_value"": ""13353.000"", ""status"": ""Financial Bid Opened""}]","[{""reg_number"": ""00006944"", ""company"": ""TAKATOF GULF UNITED TRAD & CONT EST"", ""company_type"": ""SME"", ""purchase_date"": ""16-04-2026 20:04""}, {""reg_number"": ""00006019"", ""company"": ""NATIONAL INSTALLATIONS CONT"", ""company_type"": ""SME"", ""purchase_date"": ""17-04-2026 11:03""}, {""reg_number"": ""00012268"", ""company"": ""INTEGRATED TRUST FOR BUSINESS SPC"", ""company_type"": ""SME"", ""purchase_date"": ""17-04-2026 14:56""}, {""reg_number"": ""00010577"", ""company"": ""Itqan International Contracting Investment"", ""company_type"": ""SME"", ""purchase_date"": ""17-04-2026 19:58""}, {""reg_number"": ""00006488"", ""company"": ""EAMAR ALSHAMAL ALALAMIYAH"", ""company_type"": ""SME"", ""purchase_date"": ""18-04-2026 00:56""}, {""reg_number"": ""00014952"", ""company"": ""Fast Energy Business Company"", ""company_type"": ""SME"", ""purchase_date"": ""18-04-2026 09:23""}, {""reg_number"": ""00008510"", ""company"": ""Arab vision for investment"", ""company_type"": ""SME"", ""purchase_date"": ""18-04-2026 11:11""}, {""reg_number"": ""00009815"", ""company"": ""PUBLIC SERVICE EST"", ""company_type"": ""SME"", ""purchase_date"": ""18-04-2026 12:29""}, {""reg_number"": ""00017458"", ""company"": ""MARSA AL NAJAH INTERNATIONAL INVESTMENT CO"", ""company_type"": ""SME"", ""purchase_date"": ""18-04-2026 13:05""}, {""reg_number"": ""00007952"", ""company"": ""AIDEM TECHNICAL TRADING COMPANY"", ""company_type"": ""SME"", ""purchase_date"": ""18-04-2026 15:35""}, {""reg_number"": ""00013080"", ""company"": ""ASDA ALMUTAKAMILIH"", ""company_type"": ""SME"", ""purchase_date"": ""19-04-2026 10:48""}, {""reg_number"": ""00012970"", ""company"": ""SAMAA ALKHALIJ ALDUWLIAT LILTIJARAT WALMUQAWALAT"", ""company_type"": ""SME"", ""purchase_date"": ""19-04-2026 11:10""}, {""reg_number"": ""00008519"", ""company"": ""SLALT LLASTTHMARAT ALMTMYZT"", ""company_type"": ""SME"", ""purchase_date"": ""19-04-2026 11:15""}, {""reg_number"": ""00015960"", ""company"": ""Mohammed Ali Al-Abd Al-Masahli Foundation"", ""company_type"": ""SME"", ""purchase_date"": ""19-04-2026 12:38""}, {""reg_number"": ""00010449"", ""company"": ""Gulf General Contracting Company"", ""company_type"": ""SME"", ""purchase_date"": ""19-04-2026 16:48""}, {""reg_number"": ""00012255"", ""company"": ""FORUMS OF MODERN GLORIES"", ""company_type"": ""SME"", ""purchase_date"": ""19-04-2026 18:17""}, {""reg_number"": ""00014729"", ""company"": ""AL EDARAH TRAD AND CONT CO"", ""company_type"": ""SME"", ""purchase_date"": ""20-04-2026 00:37""}, {""reg_number"": ""00014019"", ""company"": ""Modern business integration"", ""company_type"": ""SME"", ""purchase_date"": ""20-04-2026 08:05""}, {""reg_number"": ""00008096"", ""company"": ""MASHREQ AL GHUBRAH PROJECTS"", ""company_type"": ""SME"", ""purchase_date"": ""20-04-2026 08:45""}, {""reg_number"": ""00016762"", ""company"": ""International Construction and Contracting"", ""company_type"": ""SME"", ""purchase_date"": ""20-04-2026 11:00""}, {""reg_number"": ""00009351"", ""company"": ""TAQADAM PUBLIC SEVICES SPC"", ""company_type"": ""SME"", ""purchase_date"": ""20-04-2026 16:42""}, {""reg_number"": ""00015259"", ""company"": ""AMAAR INTERNATIONAL CONSTRUCTION"", ""company_type"": ""SME"", ""purchase_date"": ""25-04-2026 22:56""}]","{""title"": ""Construction of a canopy at Shahab Mosque in Jabjat, Wilayat of Taqah"", ""governorate"": ""Dhofar"", ""wilayat"": ""Salalah"", ""envelope"": ""Single Envelope""}","2026-05-02 01:37:26","2026-05-02 01:37:26"
49,71/2026/SMES/GDAFA-33,"Equipping the craft house ou.....","Small and Medium Enterprises Development Authority","Construction and Maintenance [Third,Fourth]",,"","[{""company"": ""AL-DAQQA TRADING AND CONTRACTING COMPANY"", ""offer_type"": ""Main"", ""quoted_value"": ""16000.000"", ""status"": ""Financial Bid Opened""}, {""company"": ""ABU AL MUHALB AL HATMI"", ""offer_type"": ""Main"", ""quoted_value"": ""10400.000"", ""status"": ""Financial Bid Opened""}, {""company"": ""RAWNAQ SWAIDA ALMAA"", ""offer_type"": ""Main"", ""quoted_value"": ""6599.250"", ""status"": ""Financial Bid Opened""}, {""company"": ""SHAA ALWSHAHTRAANDDCONT"", ""offer_type"": ""Main"", ""quoted_value"": ""8137.500"", ""status"": ""Financial Bid Opened""}]",[],"{""title"": ""Equipping the craft house outlet (Ibri Yard) in the Wilayat of Ibri, Al Dhahirah Governorate"", ""governorate"": ""Muscat"", ""wilayat"": ""Muscat"", ""envelope"": ""Purchase""}","2026-05-02 01:37:26","2026-05-02 01:37:26"
50,200/2026/MAFWR/DGAFWRBS-11,"Supply and fixing of waterpr.....","Ministry of Agricultural, Fisheries Wealth and Water Resourc","Construction and Maintenance [Third,Fourth]",,"","[{""company"": ""MAWARED ALQUITH TRADING"", ""offer_type"": ""Main"", ""quoted_value"": ""3465.000"", ""status"": ""Financial Bid Opened""}, {""company"": ""MZWN LLAMAR"", ""offer_type"": ""Main"", ""quoted_value"": ""5546.475"", ""status"": ""Financial Bid Opened""}, {""company"": ""SOUTH GATE FOR BUSINESS AND CONTRACTING"", ""offer_type"": ""Main"", ""quoted_value"": ""7566.900"", ""status"": ""Financial Bid Opened""}, {""company"": ""NEW HILINE TRAD AND CONT"", ""offer_type"": ""Main"", ""quoted_value"": ""4950.000"", ""status"": ""Financial Bid Opened""}, {""company"": ""ABU AL MUHALB AL HATMI"", ""offer_type"": ""Main"", ""quoted_value"": ""6600.000"", ""status"": ""Financial Bid Opened""}, {""company"": ""ZAWAYA AL-KHAIR AL-MUTAKAMALA"", ""offer_type"": ""Main"", ""quoted_value"": ""2715.900"", ""status"": ""Financial Bid Opened""}, {""company"": ""NOKHEDAT AL MOHEET TRADING AND CONTRACTING"", ""offer_type"": ""Main"", ""quoted_value"": ""4319.700"", ""status"": ""Financial Bid Opened""}, {""company"": ""INTEGRATED FAST BUSINESS"", ""offer_type"": ""Main"", ""quoted_value"": ""6752.900"", ""status"": ""Financial Bid Opened""}, {""company"": ""RAWNAQ SWAIDA ALMAA"", ""offer_type"": ""Main"", ""quoted_value"": ""2563.000"", ""status"": ""Financial Bid Opened""}, {""company"": ""FAYAFI SAWQARA"", ""offer_type"": ""Main"", ""quoted_value"": ""4400.000"", ""status"": ""Financial Bid Opened""}, {""company"": ""ARAB ACHIEVEMENTS INVESTMENT CO"", ""offer_type"": ""Main"", ""quoted_value"": ""5500.000"", ""status"": ""Financial Bid Opened""}, {""company"": ""QUARTET SOLUTIONS LLC"", ""offer_type"": ""Main"", ""quoted_value"": ""3462.800"", ""status"": ""Financial Bid Opened""}, {""company"": ""ALBARKA ENIGINEERING WORKSHOPLLC"", ""offer_type"": ""Main"", ""quoted_value"": ""4042.500"", ""status"": ""Financial Bid Opened""}, {""company"": ""ZAWIAT CAVE AL HAWTAH TRAE"", ""offer_type"": ""Main"", ""quoted_value"": ""3025.000"", ""status"": ""Financial Bid Opened""}, {""company"": ""ALBARAKAH INTERNATIONAL COMPREHENSIVE"", ""offer_type"": ""Main"", ""quoted_value"": ""3960.000"", ""status"": ""Financial Bid Opened""}, {""company"": ""SHUMUKH AL MAAWIL TRADING"", ""offer_type"": ""Main"", ""quoted_value"": ""2400.420"", ""status"": ""Financial Bid Opened""}, {""company"": ""THE PRIDE OF THE DISTINGUISHED HOUSE"", ""offer_type"": ""Main"", ""quoted_value"": ""3025.000"", ""status"": ""Financial Bid Opened""}, {""company"": ""MARINE SOLUTION SERVICES"", ""offer_type"": ""Main"", ""quoted_value"": ""5225.000"", ""status"": ""Financial Bid Opened""}, {""company"": ""DELTA INTERNATIONAL LINES"", ""offer_type"": ""Main"", ""quoted_value"": ""3753.750"", ""status"": ""Financial Bid Opened""}, {""company"": ""SHAA ALWSHAHTRAANDDCONT"", ""offer_type"": ""Main"", ""quoted_value"": ""4345.000"", ""status"": ""Financial Bid Opened""}, {""company"": ""AL WALEED ALRSHIDI TRRD"", ""offer_type"": ""Main"", ""quoted_value"": ""4215.750"", ""status"": ""Financial Bid Opened""}, {""company"": ""ALTANWEERALASRYAA"", ""offer_type"": ""Main"", ""quoted_value"": ""2970.000"", ""status"": ""Financial Bid Opened""}, {""company"": ""GROOB HIJ"", ""offer_type"": ""Main"", ""quoted_value"": ""6600.000"", ""status"": ""Financial Bid Opened""}]",[],"{""title"": ""Supply and fixing of waterproofing for the Agricultural, Fisheries and Water Resources building in A"", ""governorate"": ""Al Batinah North"", ""wilayat"": ""Sohar"", ""envelope"": ""Purchase""}","2026-05-02 01:37:26","2026-05-02 01:37:26"
51,180/2026/MAFWR/DGAFWRBS-9,"Rehabilitation and Maintenan.....","Ministry of Agricultural, Fisheries Wealth and Water Resourc","Construction and Maintenance [Fourth]",,"","[{""company"": ""TAKATOF GULF UNITED TRAD & CONT EST"", ""offer_type"": ""Main"", ""quoted_value"": ""28270.000"", ""status"": ""Financial Bid Opened""}, {""company"": ""GREEN OASIS TRADING AND CONTRACTING LLC"", ""offer_type"": ""Main"", ""quoted_value"": ""65089.332"", ""status"": ""Financial Bid Opened""}, {""company"": ""TASHEEL TRADING SERVICES ESTABLISHMENT"", ""offer_type"": ""Main"", ""quoted_value"": ""19969.950"", ""status"": ""Financial Bid Opened""}, {""company"": ""JABAL AL NOOR PROJECTS & SERVICES"", ""offer_type"": ""Main"", ""quoted_value"": ""32557.800"", ""status"": ""Financial Bid Opened""}, {""company"": ""RAWNAQ SWAIDA ALMAA"", ""offer_type"": ""Main"", ""quoted_value"": ""19131.061"", ""status"": ""Financial Bid Opened""}, {""company"": ""ALKHATM SKY TRADING"", ""offer_type"": ""Main"", ""quoted_value"": ""14080.000"", ""status"": ""Financial Bid Opened""}, {""company"": ""ALBARAKAH INTERNATIONAL COMPREHENSIVE"", ""offer_type"": ""Main"", ""quoted_value"": ""19727.400"", ""status"": ""Financial Bid Opened""}, {""company"": ""ABDULLAH AMUR AL-SHABIBI TRAD AND CONT"", ""offer_type"": ""Main"", ""quoted_value"": ""18481.402"", ""status"": ""Financial Bid Opened""}, {""company"": ""NEW HILINE TRAD AND CONT"", ""offer_type"": ""Main"", ""quoted_value"": ""21252.000"", ""status"": ""Financial Bid Opened""}, {""company"": ""ADVANCED SUPPLIES TRAD AND CONT"", ""offer_type"": ""Main"", ""quoted_value"": ""38700.013"", ""status"": ""Financial Bid Opened""}, {""company"": ""NATIONAL WHITELINE LLC"", ""offer_type"": ""Main"", ""quoted_value"": ""19591.000"", ""status"": ""Financial Bid Opened""}, {""company"": ""SHAA ALWSHAHTRAANDDCONT"", ""offer_type"": ""Main"", ""quoted_value"": ""32681.000"", ""status"": ""Financial Bid Opened""}, {""company"": ""EMAAR AL-SAADA INTERNATIONAL"", ""offer_type"": ""Main"", ""quoted_value"": ""28389.900"", ""status"": ""Financial Bid Opened""}, {""company"": ""ALSHAMSI BUSINESS"", ""offer_type"": ""Main"", ""quoted_value"": ""23100.000"", ""status"": ""Financial Bid Opened""}]","[{""reg_number"": ""00017121"", ""company"": ""construction trading and contracting"", ""company_type"": ""SME"", ""purchase_date"": ""08-04-2026 18:44""}, {""reg_number"": ""00008851"", ""company"": ""THE PRIDE OF THE DISTINGUISHED HOUSE"", ""company_type"": ""SME"", ""purchase_date"": ""09-04-2026 10:49""}, {""reg_number"": ""00003873"", ""company"": ""NEW HILINE TRAD AND CONT"", ""company_type"": ""SME"", ""purchase_date"": ""09-04-2026 16:59""}, {""reg_number"": ""00010937"", ""company"": ""RAWNAQ SWAIDA ALMAA"", ""company_type"": ""SME"", ""purchase_date"": ""09-04-2026 23:40""}, {""reg_number"": ""00009586"", ""company"": ""NWAHEL AL KHAIR TRADING"", ""company_type"": ""SME"", ""purchase_date"": ""10-04-2026 01:15""}, {""reg_number"": ""00016326"", ""company"": ""Emaar Al-Saada International"", ""company_type"": ""Local"", ""purchase_date"": ""10-04-2026 23:07""}, {""reg_number"": ""00008420"", ""company"": ""ALSHAMSI BUSINESS"", ""company_type"": ""SME"", ""purchase_date"": ""11-04-2026 15:22""}, {""reg_number"": ""00010378"", ""company"": ""ALBarakah International Comprehensive"", ""company_type"": ""SME"", ""purchase_date"": ""11-04-2026 22:32""}, {""reg_number"": ""0013477"", ""company"": ""GREEN OASIS TRADING AND CONTRACTING LLC"", ""company_type"": ""Local"", ""purchase_date"": ""12-04-2026 09:49""}, {""reg_number"": ""00016039"", ""company"": ""Advanced supplies trad and cont"", ""company_type"": ""SME"", ""purchase_date"": ""12-04-2026 13:28""}, {""reg_number"": ""00007203"", ""company"": ""NATIONAL WHITELINE LLC"", ""company_type"": ""SME"", ""purchase_date"": ""12-04-2026 21:18""}, {""reg_number"": ""00008732"", ""company"": ""ABDULLAH AMUR AL-SHABIBI TRAD AND CONT"", ""company_type"": ""Local"", ""purchase_date"": ""13-04-2026 08:34""}, {""reg_number"": ""00012010"", ""company"": ""Jabal Al Noor Projects & services"", ""company_type"": ""SME"", ""purchase_date"": ""13-04-2026 12:50""}, {""reg_number"": ""00006086"", ""company"": ""AL GHAITHI INTERNATIONAL EST"", ""company_type"": ""SME"", ""purchase_date"": ""13-04-2026 13:24""}, {""reg_number"": ""00008272"", ""company"": ""ALKHATM SKY TRADING"", ""company_type"": ""SME"", ""purchase_date"": ""14-04-2026 07:55""}, {""reg_number"": ""00003919"", ""company"": ""ALSAFA NEW ENTERPRISES"", ""company_type"": ""SME"", ""purchase_date"": ""14-04-2026 08:13""}, {""reg_number"": ""00017362"", ""company"": ""ISHAB"", ""company_type"": ""SME"", ""purchase_date"": ""14-04-2026 09:40""}, {""reg_number"": ""00009413"", ""company"": ""SHAA ALWSHAHTRAANDDCONT"", ""company_type"": ""SME"", ""purchase_date"": ""14-04-2026 13:10""}, {""reg_number"": ""00015612"", ""company"": ""Tasheel Trading Services Establishment"", ""company_type"": ""Local"", ""purchase_date"": ""14-04-2026 18:21""}, {""reg_number"": ""00006944"", ""company"": ""TAKATOF GULF UNITED TRAD & CONT EST"", ""company_type"": ""SME"", ""purchase_date"": ""14-04-2026 20:31""}, {""reg_number"": ""00017557"", ""company"": ""ALRWASY ALDHHBYH LLTJARH WALMQAWLAT"", ""company_type"": ""SME"", ""purchase_date"": ""15-04-2026 09:46""}, {""reg_number"": ""00005938"", ""company"": ""GOLDENSANDSTRANSPORTSERVICESLLC"", ""company_type"": ""SME"", ""purchase_date"": ""15-04-2026 13:47""}]","{""title"": ""Rehabilitation and Maintenance at the general directorate of agricultural and fisheries wealth and w"", ""governorate"": ""Al Batinah North"", ""wilayat"": ""Sohar"", ""envelope"": ""Single Envelope""}","2026-05-02 01:37:26","2026-05-02 01:37:26"
52,1559/2026/MOH/RSTQHP-135,"Modification Work in Finance.....","Ministry of Health","Construction and Maintenance [Third,Fourth]",,"","[{""company"": ""RAWNAQ SWAIDA ALMAA"", ""offer_type"": ""Main"", ""quoted_value"": ""2989.000"", ""status"": ""Financial Bid Opened""}, {""company"": ""ALBARAKAH INTERNATIONAL COMPREHENSIVE"", ""offer_type"": ""Main"", ""quoted_value"": ""5980.000"", ""status"": ""Financial Bid Opened""}, {""company"": ""SHAA ALWSHAHTRAANDDCONT"", ""offer_type"": ""Main"", ""quoted_value"": ""4350.000"", ""status"": ""Financial Bid Opened""}, {""company"": ""ABU AL MUHALB AL HATMI"", ""offer_type"": ""Main"", ""quoted_value"": ""5200.000"", ""status"": ""Financial Bid Opened""}, {""company"": ""AZME ALRUSTAQ"", ""offer_type"": ""Main"", ""quoted_value"": ""1350.000"", ""status"": ""Financial Bid Opened""}, {""company"": ""ABU AL WALEED ALMAQBALI TRD AND CONT EST"", ""offer_type"": ""Main"", ""quoted_value"": ""4350.000"", ""status"": ""Financial Bid Opened""}]",[],"{""title"": ""Modification Work in Finance Office in Rustaq Hospital"", ""governorate"": ""Al Batinah South"", ""wilayat"": ""Al Rustaq"", ""envelope"": ""Purchase""}","2026-05-02 01:37:26","2026-05-02 01:37:26"
53,1361/2026/MOH/DGHSNSP-78,"Rehabilitation of Emergency .....","Ministry of Health","Construction and Maintenance [Fourth]",,"","[{""company"": ""SHAA ALWSHAHTRAANDDCONT"", ""offer_type"": ""Main"", ""quoted_value"": ""3850.000"", ""status"": ""Financial Bid Opened""}, {""company"": ""ABU AL MUHALB AL HATMI"", ""offer_type"": ""Main"", ""quoted_value"": ""4200.000"", ""status"": ""Financial Bid Opened""}, {""company"": ""AL-ASATEER CONSTRUTION PROJECTS"", ""offer_type"": ""Main"", ""quoted_value"": ""3200.000"", ""status"": ""Financial Bid Opened""}, {""company"": ""SHARY ALSHRQYT"", ""offer_type"": ""Main"", ""quoted_value"": ""2000.000"", ""status"": ""Financial Bid Opened""}, {""company"": ""AL-DAQQA TRADING AND CONTRACTING COMPANY"", ""offer_type"": ""Main"", ""quoted_value"": ""2410.000"", ""status"": ""Financial Bid Opened""}, {""company"": ""MANADHIR ANDAM AL MUTAMYZA FOR TRAD & CONT"", ""offer_type"": ""Main"", ""quoted_value"": ""2661.500"", ""status"": ""Financial Bid Opened""}]",[],"{""title"": ""Rehabilitation of Emergency Assembly Area"", ""governorate"": ""Al Sharqiyah North"", ""wilayat"": ""Al Mudhaibi"", ""envelope"": ""Purchase""}","2026-05-02 01:37:26","2026-05-02 01:37:26"
54,348/2026/UTAS/ICTDO-36,"Execution of interior décor .....","University Of Technology And Applied Sciences","Construction and Maintenance [Third,Fourth]",,"","[{""company"": ""SOUAD ALMAJED BUSINESS PROJECTS"", ""offer_type"": ""Main"", ""quoted_value"": ""2262.250"", ""status"": ""Financial Bid Opened""}, {""company"": ""AL YAZIDI COMPREHENSIVE SERVICES"", ""offer_type"": ""Main"", ""quoted_value"": ""1383.900"", ""status"": ""Financial Bid Opened""}, {""company"": ""MZWN LLAMAR"", ""offer_type"": ""Main"", ""quoted_value"": ""3574.000"", ""status"": ""Financial Bid Opened""}, {""company"": ""H M E TRAD CONT"", ""offer_type"": ""Main"", ""quoted_value"": ""4915.000"", ""status"": ""Financial Bid Opened""}, {""company"": ""ALRFIAH ENTERPRISE"", ""offer_type"": ""Main"", ""quoted_value"": ""3010.000"", ""status"": ""Financial Bid Opened""}, {""company"": ""ALSAFA NEW ENTERPRISES"", ""offer_type"": ""Main"", ""quoted_value"": ""4101.010"", ""status"": ""Financial Bid Opened""}, {""company"": ""INTERNATIONAL CREDIT COMPANY"", ""offer_type"": ""Main"", ""quoted_value"": ""3070.750"", ""status"": ""Financial Bid Opened""}]",[],"{""title"": ""Execution of interior d\u00e9cor (chipboard) in alignment with the visual identity"", ""governorate"": ""Al Sharqiyah North"", ""wilayat"": ""Ibra"", ""envelope"": ""Single Envelope""}","2026-05-02 01:37:26","2026-05-02 01:37:26"
55,"3431/2025/MOH/DGHSBR-3- Recall - 2","Renovation works at Rawdah H.....","Ministry of Health","Construction and Maintenance [Second]",,"","[{""company"": ""PEARL ALJAZAA TRAD AND CONT"", ""offer_type"": ""Main"", ""quoted_value"": ""52819.778"", ""status"": ""Financial Bid Opened""}, {""company"": ""DESERTSTARTRDCONTEST"", ""offer_type"": ""Main"", ""quoted_value"": ""147081.000"", ""status"": ""Financial Bid Opened""}, {""company"": ""WHITE WAVES PROJECTS"", ""offer_type"": ""Main"", ""quoted_value"": ""157734.500"", ""status"": ""Financial Bid Opened""}, {""company"": ""BARQ ALGAZEERA TRD AND CONT"", ""offer_type"": ""Main"", ""quoted_value"": ""75900.000"", ""status"": ""Financial Bid Opened""}, {""company"": ""AXIS ENGINEERING"", ""offer_type"": ""Main"", ""quoted_value"": ""77237.490"", ""status"": ""Financial Bid Opened""}, {""company"": ""AXIS ENGINEERING"", ""offer_type"": ""Alternate1"", ""quoted_value"": ""77938.850"", ""status"": ""Financial Bid Opened""}, {""company"": ""GOLDEN RAY TRADING AND CONTRACTING"", ""offer_type"": ""Main"", ""quoted_value"": ""74476.600"", ""status"": ""Financial Bid Opened""}]","[{""reg_number"": ""00005603"", ""company"": ""PEARL ALJAZAA TRAD AND CONT"", ""company_type"": ""SME"", ""purchase_date"": ""09-03-2026 21:37""}, {""reg_number"": ""00007538"", ""company"": ""Mohammed Said Salim Al Rawahi Trad and Cont"", ""company_type"": ""SME"", ""purchase_date"": ""12-03-2026 20:31""}, {""reg_number"": ""00001087"", ""company"": ""AXIS ENGINEERING"", ""company_type"": ""Local"", ""purchase_date"": ""15-03-2026 13:58""}, {""reg_number"": ""00001436"", ""company"": ""AL ASAD UNITED"", ""company_type"": ""SME"", ""purchase_date"": ""22-03-2026 11:39""}, {""reg_number"": ""00002469"", ""company"": ""DESERTSTARTRDCONTEST"", ""company_type"": ""SME"", ""purchase_date"": ""23-03-2026 12:28""}, {""reg_number"": ""00001083"", ""company"": ""BARQ ALGAZEERA TRD AND CONT"", ""company_type"": ""SME"", ""purchase_date"": ""23-03-2026 18:46""}, {""reg_number"": ""00001704"", ""company"": ""LAMSAAT ALREEF TRAD CONT CO"", ""company_type"": ""Local"", ""purchase_date"": ""24-03-2026 17:27""}, {""reg_number"": ""00006786"", ""company"": ""AL YAQEEN UNIQUE PROJECTS LLC"", ""company_type"": ""Local"", ""purchase_date"": ""25-03-2026 12:45""}, {""reg_number"": ""00007925"", ""company"": ""WHITE WAVES PROJECTS"", ""company_type"": ""SME"", ""purchase_date"": ""30-03-2026 09:28""}, {""reg_number"": ""00000091"", ""company"": ""ALRIYAD CONSTRUCTIONTRADING"", ""company_type"": ""SME"", ""purchase_date"": ""31-03-2026 12:27""}, {""reg_number"": ""00001665"", ""company"": ""GOLDEN RAY TRADING AND CONTRACTING"", ""company_type"": ""Local"", ""purchase_date"": ""01-04-2026 10:34""}]","{""title"": ""Renovation works at Rawdah Health Center"", ""governorate"": ""Al Buraimi"", ""wilayat"": ""Mahdhah"", ""envelope"": ""Single Envelope""}","2026-05-02 01:37:26","2026-05-02 01:37:26"
56,196/2026/MAFWR/DGAFAP-18,"Maintenance of the waiting r.....","Ministry of Agricultural, Fisheries Wealth and Water Resourc","Construction and Maintenance [Fourth]",,"","[{""company"": ""BRIDGE"", ""offer_type"": ""Main"", ""quoted_value"": ""2516.850"", ""status"": ""Financial Bid Opened""}, {""company"": ""SHAA ALWSHAHTRAANDDCONT"", ""offer_type"": ""Main"", ""quoted_value"": ""2951.500"", ""status"": ""Financial Bid Opened""}, {""company"": ""ALKHATM SKY TRADING"", ""offer_type"": ""Main"", ""quoted_value"": ""2548.250"", ""status"": ""Financial Bid Opened""}, {""company"": ""THE PRIDE OF THE DISTINGUISHED HOUSE"", ""offer_type"": ""Main"", ""quoted_value"": ""1755.491"", ""status"": ""Financial Bid Opened""}, {""company"": ""ALDEEB MODERN ENTERPRISE"", ""offer_type"": ""Main"", ""quoted_value"": ""2385.958"", ""status"": ""Financial Bid Opened""}, {""company"": ""QAWAFIL ALBATINA MODREN"", ""offer_type"": ""Main"", ""quoted_value"": ""2701.000"", ""status"": ""Financial Bid Opened""}, {""company"": ""ALBARAKAH INTERNATIONAL COMPREHENSIVE"", ""offer_type"": ""Main"", ""quoted_value"": ""2969.035"", ""status"": ""Financial Bid Opened""}, {""company"": ""AL LLAMSAT  ALZZAHIA  ALHADITHA  TRAD"", ""offer_type"": ""Main"", ""quoted_value"": ""2493.000"", ""status"": ""Financial Bid Opened""}, {""company"": ""AL-RUKAINI FOR BUSINESS AND DEVELOPMENT"", ""offer_type"": ""Main"", ""quoted_value"": ""3193.000"", ""status"": ""Financial Bid Opened""}, {""company"": ""MOHAMMED BIN ALI GLOBAL PROJECT"", ""offer_type"": ""Main"", ""quoted_value"": ""2989.400"", ""status"": ""Financial Bid Opened""}, {""company"": ""CONSTRUCTION TRADING AND CONTRACTING"", ""offer_type"": ""Main"", ""quoted_value"": ""6798.000"", ""status"": ""Financial Bid Opened""}, {""company"": ""GROOB HIJ"", ""offer_type"": ""Main"", ""quoted_value"": ""8766.000"", ""status"": ""Financial Bid Opened""}, {""company"": ""SROOH DEVELOPMENT"", ""offer_type"": ""Main"", ""quoted_value"": ""3164.300"", ""status"": ""Financial Bid Opened""}, {""company"": ""ABU AL MUHALB AL HATMI"", ""offer_type"": ""Main"", ""quoted_value"": ""5671.000"", ""status"": ""Financial Bid Opened""}, {""company"": ""AL-DAQQA TRADING AND CONTRACTING COMPANY"", ""offer_type"": ""Main"", ""quoted_value"": ""3948.000"", ""status"": ""Financial Bid Opened""}, {""company"": ""AL WALEED ALRSHIDI TRRD"", ""offer_type"": ""Main"", ""quoted_value"": ""4433.470"", ""status"": ""Financial Bid Opened""}]",[],"{""title"": ""Maintenance of the waiting room for the driver of His Excellency the Minister at the Ministry's Gene"", ""governorate"": ""Muscat"", ""wilayat"": ""Bowsher"", ""envelope"": ""Purchase""}","2026-05-02 01:37:26","2026-05-02 01:37:26"
57,"137/2025/EA/HQ-28 - Recall - 1","Development of Al-Sail Natur.....","Environment Authority","Construction and Maintenance [Excellent,First]",,"","[{""company"": ""WESTERN UNITED BUSINESS LLC"", ""offer_type"": ""Main"", ""quoted_value"": ""5108303.740"", ""status"": ""Financial Bid Opened""}, {""company"": ""KHOTOOT AL REEF SERVICES AND CONT CO"", ""offer_type"": ""Main"", ""quoted_value"": ""2850945.715"", ""status"": ""Financial Bid Opened""}, {""company"": ""AL-SSARH TRADING AND CONTRACTING"", ""offer_type"": ""Main"", ""quoted_value"": ""3303192.900"", ""status"": ""Financial Bid Opened""}, {""company"": ""ATLANTIC"", ""offer_type"": ""Main"", ""quoted_value"": ""4091721.380"", ""status"": ""Financial Bid Opened""}, {""company"": ""OASIS GRACE"", ""offer_type"": ""Main"", ""quoted_value"": ""3610950.000"", ""status"": ""Financial Bid Opened""}, {""company"": ""GULF EMAAR EXCELLENCE"", ""offer_type"": ""Main"", ""quoted_value"": ""2499599.298"", ""status"": ""Financial Bid Opened""}, {""company"": ""MIDDLE EAST ELECTRO MECHANICAL AND CONSRUCTION COMPANY"", ""offer_type"": ""Main"", ""quoted_value"": ""5362970.353"", ""status"": ""Financial Bid Opened""}, {""company"": ""SOHAR STAR UNITED LLC"", ""offer_type"": ""Main"", ""quoted_value"": ""5789700.000"", ""status"": ""Financial Bid Opened""}, {""company"": ""AMOD ALREEF TRAD AND CONT CO"", ""offer_type"": ""Main"", ""quoted_value"": ""6578787.338"", ""status"": ""Financial Bid Opened""}, {""company"": ""AWTAD INTERNATIONAL"", ""offer_type"": ""Main"", ""quoted_value"": ""3997802.127"", ""status"": ""Financial Bid Opened""}, {""company"": ""AL RAWDHA WORLD CENTER TRADING AND CONTRACTING LLC"", ""offer_type"": ""Main"", ""quoted_value"": ""4700291.800"", ""status"": ""Financial Bid Opened""}, {""company"": ""ALMASKARI CONSTRUCTION CO"", ""offer_type"": ""Main"", ""quoted_value"": ""2998465.995"", ""status"": ""Financial Bid Opened""}, {""company"": ""AL DIYAR NATIONAL ENT L LC"", ""offer_type"": ""Main"", ""quoted_value"": ""2950000.000"", ""status"": ""Financial Bid Opened""}]","[{""reg_number"": ""00004207"", ""company"": ""KHOTOOT AL REEF SERVICES AND CONT CO"", ""company_type"": ""SME"", ""purchase_date"": ""04-03-2026 10:15""}, {""reg_number"": ""00008952"", ""company"": ""SOCIAL SERVICES TRADING"", ""company_type"": ""SME"", ""purchase_date"": ""04-03-2026 11:00""}, {""reg_number"": ""00003720"", ""company"": ""Awtad International"", ""company_type"": ""SME"", ""purchase_date"": ""05-03-2026 09:13""}, {""reg_number"": ""00000034"", ""company"": ""AL DIYAR NATIONAL ENT L LC"", ""company_type"": ""SME"", ""purchase_date"": ""06-03-2026 15:03""}, {""reg_number"": ""00003828"", ""company"": ""GULF EMAAR EXCELLENCE"", ""company_type"": ""SME"", ""purchase_date"": ""09-03-2026 15:22""}, {""reg_number"": ""00001751"", ""company"": ""WESTERN UNITED BUSINESS LLC"", ""company_type"": ""SME"", ""purchase_date"": ""09-03-2026 22:18""}, {""reg_number"": ""00003671"", ""company"": ""AMOD ALREEF TRAD AND CONT CO"", ""company_type"": ""SME"", ""purchase_date"": ""10-03-2026 10:50""}, {""reg_number"": ""00002334"", ""company"": ""AL-HADDAD TRADING & CONT CO"", ""company_type"": ""SME"", ""purchase_date"": ""10-03-2026 13:57""}, {""reg_number"": ""00001973"", ""company"": ""ALMASKARI CONSTRUCTION CO"", ""company_type"": ""SME"", ""purchase_date"": ""11-03-2026 09:57""}, {""reg_number"": ""00007420"", ""company"": ""SOHAR STAR UNITED LLC"", ""company_type"": ""Local"", ""purchase_date"": ""11-03-2026 10:45""}, {""reg_number"": ""00003269"", ""company"": ""AL RAWDHA WORLD CENTER TRADING AND CONTRACTING LLC"", ""company_type"": ""Local"", ""purchase_date"": ""11-03-2026 19:26""}, {""reg_number"": ""00005835"", ""company"": ""Middle East Electro Mechanical and consruction company"", ""company_type"": ""SME"", ""purchase_date"": ""12-03-2026 14:38""}, {""reg_number"": ""00004104"", ""company"": ""ATLANTIC"", ""company_type"": ""Local"", ""purchase_date"": ""12-03-2026 18:27""}, {""reg_number"": ""00005880"", ""company"": ""AL-SSARH TRADING AND CONTRACTING"", ""company_type"": ""SME"", ""purchase_date"": ""12-03-2026 22:51""}, {""reg_number"": ""00000850"", ""company"": ""OASIS GRACE"", ""company_type"": ""Local"", ""purchase_date"": ""14-03-2026 12:42""}, {""reg_number"": ""00001876"", ""company"": ""AL TEHOON TRAD AND CONT CO"", ""company_type"": ""SME"", ""purchase_date"": ""15-03-2026 11:00""}]",{},"2026-05-02 01:37:26","2026-05-02 01:37:26"
58,5/2026/CCCRC,"DESIGN AND BUILT OF ADDITION.....","Sultan Qaboos Comprehensive Cancer Care and Research Center","Construction and Maintenance [First,Second]",,"","[{""company"": ""AL ZARRAQ TRADING ENTERPRISES LLC"", ""offer_type"": ""Main"", ""quoted_value"": ""63029.700"", ""status"": ""Financial Bid Opened""}, {""company"": ""AL ZARRAQ TRADING ENTERPRISES LLC"", ""offer_type"": ""Alternate1"", ""quoted_value"": ""69932.700"", ""status"": ""Financial Bid Opened""}, {""company"": ""MRAFI NORTH UNITED TRAING AND CONT"", ""offer_type"": ""Main"", ""quoted_value"": ""156857.400"", ""status"": ""Financial Bid Opened""}, {""company"": ""AL-SSARH TRADING AND CONTRACTING"", ""offer_type"": ""Main"", ""quoted_value"": ""27460.000"", ""status"": ""Financial Bid Opened""}, {""company"": ""ABU RIYADH TRADING AND CONTRACTING LLC"", ""offer_type"": ""Main"", ""quoted_value"": ""34228.471"", ""status"": ""Financial Bid Opened""}, {""company"": ""WHITE WAVES PROJECTS"", ""offer_type"": ""Main"", ""quoted_value"": ""33835.320"", ""status"": ""Financial Bid Opened""}, {""company"": ""FAHUD TOWERS TRADING"", ""offer_type"": ""Main"", ""quoted_value"": ""39590.404"", ""status"": ""Financial Bid Opened""}, {""company"": ""AL JABAL AL AKHDAR BUILDING AND CONSTRUCTION"", ""offer_type"": ""Main"", ""quoted_value"": ""61050.524"", ""status"": ""Financial Bid Opened""}, {""company"": ""MAWARID FOR ENGINEERING SERVICES"", ""offer_type"": ""Main"", ""quoted_value"": ""35090.000"", ""status"": ""Financial Bid Opened""}]","[{""reg_number"": ""00001973"", ""company"": ""ALMASKARI CONSTRUCTION CO"", ""company_type"": ""SME"", ""purchase_date"": ""14-03-2026 09:44""}, {""reg_number"": ""00007925"", ""company"": ""WHITE WAVES PROJECTS"", ""company_type"": ""SME"", ""purchase_date"": ""14-03-2026 10:02""}, {""reg_number"": ""00003165"", ""company"": ""SAROOH GULF ALARABIA SONTSO"", ""company_type"": ""Local"", ""purchase_date"": ""14-03-2026 14:31""}, {""reg_number"": ""00005880"", ""company"": ""AL-SSARH TRADING AND CONTRACTING"", ""company_type"": ""SME"", ""purchase_date"": ""15-03-2026 21:49""}, {""reg_number"": ""00003498"", ""company"": ""ABU RIYADH TRADING AND CONTRACTING LLC"", ""company_type"": ""Local"", ""purchase_date"": ""18-03-2026 11:38""}, {""reg_number"": ""00003080"", ""company"": ""AL ZARRAQ TRADING ENTERPRISES LLC"", ""company_type"": ""Local"", ""purchase_date"": ""18-03-2026 13:00""}, {""reg_number"": ""00001187"", ""company"": ""Al Jabal Al Akhdar Building and Construction"", ""company_type"": ""SME"", ""purchase_date"": ""18-03-2026 16:36""}, {""reg_number"": ""00001329"", ""company"": ""MRAFI NORTH UNITED TRAING AND CONT"", ""company_type"": ""Local"", ""purchase_date"": ""19-03-2026 14:22""}, {""reg_number"": ""00003168"", ""company"": ""SAWAID DHOFAR TRAD AND CONT CO LLC"", ""company_type"": ""SME"", ""purchase_date"": ""20-03-2026 20:05""}, {""reg_number"": ""00006780"", ""company"": ""SAI TRADING AND CONSTRCTING"", ""company_type"": ""SME"", ""purchase_date"": ""22-03-2026 11:43""}, {""reg_number"": ""00008287"", ""company"": ""HAMOOD BAN ABDULLAH BAN MOHAMMAD ALHARTHI"", ""company_type"": ""SME"", ""purchase_date"": ""24-03-2026 07:52""}, {""reg_number"": ""00005359"", ""company"": ""FAHUD TOWERS TRADING"", ""company_type"": ""SME"", ""purchase_date"": ""25-03-2026 10:22""}, {""reg_number"": ""00003814"", ""company"": ""mawarid for engineering services"", ""company_type"": ""SME"", ""purchase_date"": ""25-03-2026 21:41""}]",{},"2026-05-02 01:37:26","2026-05-02 01:37:26"
59,"53/2026/MTCIT/DGPRC-45- Recall - 1","Maintenance of the Ship Regi.....","Ministry of Transport Communications and Information Technol","Construction and Maintenance [Third,Fourth]",,"","[{""company"": ""AL WALEED ALRSHIDI TRRD"", ""offer_type"": ""Main"", ""quoted_value"": ""19727.000"", ""status"": ""Financial Bid Opened""}, {""company"": ""ALMOUJ ENGINEERING AND INVESTMENT"", ""offer_type"": ""Main"", ""quoted_value"": ""16389.189"", ""status"": ""Financial Bid Opened""}, {""company"": ""SROOH DEVELOPMENT"", ""offer_type"": ""Main"", ""quoted_value"": ""16488.000"", ""status"": ""Financial Bid Opened""}, {""company"": ""AL LLAMSAT  ALZZAHIA  ALHADITHA  TRAD"", ""offer_type"": ""Main"", ""quoted_value"": ""16744.000"", ""status"": ""Financial Bid Opened""}, {""company"": ""COMPANY HEIGHT ALJAFNEEN TRADING AND CONT"", ""offer_type"": ""Main"", ""quoted_value"": ""17531.500"", ""status"": ""Financial Bid Opened""}, {""company"": ""ABU AL MUHALB AL HATMI"", ""offer_type"": ""Main"", ""quoted_value"": ""20999.000"", ""status"": ""Financial Bid Opened""}, {""company"": ""NATIONAL OASIS EXCELLENCE LLC"", ""offer_type"": ""Main"", ""quoted_value"": ""17809.000"", ""status"": ""Financial Bid Opened""}, {""company"": ""ALSAFA NEW ENTERPRISES"", ""offer_type"": ""Main"", ""quoted_value"": ""17362.818"", ""status"": ""Financial Bid Opened""}, {""company"": ""RIMAL ALQOA BUSINESS"", ""offer_type"": ""Main"", ""quoted_value"": ""13399.000"", ""status"": ""Financial Bid Opened""}, {""company"": ""CONSTRUCTION TRADING AND CONTRACTING"", ""offer_type"": ""Main"", ""quoted_value"": ""17349.000"", ""status"": ""Financial Bid Opened""}, {""company"": ""ALTANWEERALASRYAA"", ""offer_type"": ""Main"", ""quoted_value"": ""33299.000"", ""status"": ""Financial Bid Opened""}, {""company"": ""ARKAN INVESTMENT"", ""offer_type"": ""Main"", ""quoted_value"": ""25943.870"", ""status"": ""Financial Bid Opened""}, {""company"": ""ALKHATM SKY TRADING"", ""offer_type"": ""Main"", ""quoted_value"": ""15957.750"", ""status"": ""Financial Bid Opened""}, {""company"": ""ALBARAKAH INTERNATIONAL COMPREHENSIVE"", ""offer_type"": ""Main"", ""quoted_value"": ""28629.000"", ""status"": ""Financial Bid Opened""}, {""company"": ""QAWAFIL ALBATINA MODREN"", ""offer_type"": ""Main"", ""quoted_value"": ""19888.000"", ""status"": ""Financial Bid Opened""}]",[],{},"2026-05-02 01:37:26","2026-05-02 01:37:26"
60,"4942/2025/MOH/DGKH-12- Recall - 1","PROPOSED CHEST UNIT IN MALE .....","Ministry of Health","Construction and Maintenance [Third,Fourth]",,"","[{""company"": ""ALBARKA ENIGINEERING WORKSHOPLLC"", ""offer_type"": ""Main"", ""quoted_value"": ""152842.875"", ""status"": ""Financial Bid Opened""}, {""company"": ""MASHARIA AL FAHAM AL MUTAMAYZA"", ""offer_type"": ""Main"", ""quoted_value"": ""189085.935"", ""status"": ""Financial Bid Opened""}, {""company"": ""MANADHIR ANDAM AL MUTAMYZA FOR TRAD & CONT"", ""offer_type"": ""Main"", ""quoted_value"": ""79974.968"", ""status"": ""Financial Bid Opened""}, {""company"": ""CLEAR THREAD COMPREHENSIVE TRADING EST"", ""offer_type"": ""Main"", ""quoted_value"": ""101101.500"", ""status"": ""Financial Bid Opened""}, {""company"": ""ZAWAYA AL-KHAIR AL-MUTAKAMALA"", ""offer_type"": ""Main"", ""quoted_value"": ""109562.400"", ""status"": ""Financial Bid Opened""}]","[{""reg_number"": ""00015961"", ""company"": ""Manadhir Andam Al mutamyza for Trad & Cont"", ""company_type"": ""SME"", ""purchase_date"": ""07-04-2026 08:56""}, {""reg_number"": ""00009586"", ""company"": ""NWAHEL AL KHAIR TRADING"", ""company_type"": ""SME"", ""purchase_date"": ""07-04-2026 11:16""}, {""reg_number"": ""00013246"", ""company"": ""ZAWAYA AL-KHAIR AL-MUTAKAMALA"", ""company_type"": ""Local"", ""purchase_date"": ""07-04-2026 22:53""}, {""reg_number"": ""00002814"", ""company"": ""INTERIOR TRANSPORTS AND TRADING"", ""company_type"": ""Local"", ""purchase_date"": ""08-04-2026 13:39""}, {""reg_number"": ""00017377"", ""company"": ""Burhan Oil and Trade Services"", ""company_type"": ""SME"", ""purchase_date"": ""08-04-2026 16:46""}, {""reg_number"": ""00006303"", ""company"": ""MASHARIA AL FAHAM AL MUTAMAYZA"", ""company_type"": ""SME"", ""purchase_date"": ""09-04-2026 12:59""}, {""reg_number"": ""00008363"", ""company"": ""ALBARKA ENIGINEERING WORKSHOPLLC"", ""company_type"": ""SME"", ""purchase_date"": ""09-04-2026 13:00""}, {""reg_number"": ""00008420"", ""company"": ""ALSHAMSI BUSINESS"", ""company_type"": ""SME"", ""purchase_date"": ""11-04-2026 15:29""}, {""reg_number"": ""00017213"", ""company"": ""AL ETHNAN TRADING & CONSTRUCTION"", ""company_type"": ""SME"", ""purchase_date"": ""11-04-2026 23:09""}, {""reg_number"": ""00007788"", ""company"": ""Mijjan International"", ""company_type"": ""SME"", ""purchase_date"": ""12-04-2026 09:44""}, {""reg_number"": ""00013076"", ""company"": ""CLEAR THREAD COMPREHENSIVE TRADING EST"", ""company_type"": ""SME"", ""purchase_date"": ""12-04-2026 17:58""}, {""reg_number"": ""00012010"", ""company"": ""Jabal Al Noor Projects & services"", ""company_type"": ""SME"", ""purchase_date"": ""13-04-2026 13:21""}]",{},"2026-05-02 01:37:26","2026-05-02 01:37:26"
61,1070/2026/MOH/ANHP-9,"Service and Maintenance of R.....","Ministry of Health","Electromechanical and Telecommunications Contracting and Mai",,"","[{""company"": ""NADA AL RABEEI WATER PURIFIERS EQUIPMENT PRODUCTION"", ""offer_type"": ""Main"", ""quoted_value"": ""4095.000"", ""status"": ""Financial Bid Opened""}]",[],{},"2026-05-02 01:37:26","2026-05-02 01:37:26"
62,983/2026/MOH/ANHP-5,"REPLACEMENT OF PIPELINE AND .....","Ministry of Health","Construction and Maintenance [Third,Fourth]",,"","[{""company"": ""THE ROCK FOR ENGINEERING AND ADMINISTRATIVE SERVICES"", ""offer_type"": ""Main"", ""quoted_value"": ""12766.188"", ""status"": ""Financial Bid Opened""}, {""company"": ""ALBARAKAH INTERNATIONAL COMPREHENSIVE"", ""offer_type"": ""Main"", ""quoted_value"": ""17283.000"", ""status"": ""Financial Bid Opened""}, {""company"": ""AL ATBAL TRADING"", ""offer_type"": ""Main"", ""quoted_value"": ""18396.000"", ""status"": ""Financial Bid Opened""}, {""company"": ""SHAA ALWSHAHTRAANDDCONT"", ""offer_type"": ""Main"", ""quoted_value"": ""28900.000"", ""status"": ""Financial Bid Opened""}]",[],{},"2026-05-02 01:37:26","2026-05-02 01:37:26"
63,32/2026/MHUP/DGHDF-1,"construction works for secon.....","Ministry of Housing and Urban Planning","Construction and Maintenance [Third,Fourth]",,"","[{""company"": ""MOHAMMED ALI AL-ABD AL-MASAHLI FOUNDATION"", ""offer_type"": ""Main"", ""quoted_value"": ""10200.000"", ""status"": ""Financial Bid Opened""}, {""company"": ""ALBUNYAN ALARABI TRAD&CONT"", ""offer_type"": ""Main"", ""quoted_value"": ""13800.000"", ""status"": ""Financial Bid Opened""}, {""company"": ""COMPREHENSIVE SURVEY COMPANY FOR TRADING"", ""offer_type"": ""Main"", ""quoted_value"": ""9900.000"", ""status"": ""Financial Bid Opened""}, {""company"": ""ARAB VISION FOR INVESTMENT"", ""offer_type"": ""Main"", ""quoted_value"": ""12540.000"", ""status"": ""Financial Bid Opened""}, {""company"": ""INTEGRATED RENAISSANCE TOWER"", ""offer_type"": ""Main"", ""quoted_value"": ""7950.000"", ""status"": ""Financial Bid Opened""}, {""company"": ""FAST ENERGY BUSINESS COMPANY"", ""offer_type"": ""Main"", ""quoted_value"": ""1690.200"", ""status"": ""Financial Bid Opened""}, {""company"": ""ALDILTA ALDUWLIAT LILTIJARAT WALMUQAWALAT COMPANY"", ""offer_type"": ""Main"", ""quoted_value"": ""2850.000"", ""status"": ""Financial Bid Opened""}, {""company"": ""AL-DAQQA TRADING AND CONTRACTING COMPANY"", ""offer_type"": ""Main"", ""quoted_value"": ""4875.000"", ""status"": ""Financial Bid Opened""}, {""company"": ""ETEN LIGHT TRADING COMPANY"", ""offer_type"": ""Main"", ""quoted_value"": ""6720.000"", ""status"": ""Financial Bid Opened""}, {""company"": ""SAMAA ALKHALIJ ALDUWLIAT LILTIJARAT WALMUQAWALAT"", ""offer_type"": ""Main"", ""quoted_value"": ""3475.000"", ""status"": ""Financial Bid Opened""}, {""company"": ""ASCEND"", ""offer_type"": ""Main"", ""quoted_value"": ""6530.000"", ""status"": ""Financial Bid Opened""}, {""company"": ""ALSHOOL ALLOGSTAYA"", ""offer_type"": ""Main"", ""quoted_value"": ""4800.000"", ""status"": ""Financial Bid Opened""}, {""company"": ""MASHREQ AL GHUBRAH PROJECTS"", ""offer_type"": ""Main"", ""quoted_value"": ""8917.500"", ""status"": ""Financial Bid Opened""}, {""company"": ""TASHEEL TRADING SERVICES ESTABLISHMENT"", ""offer_type"": ""Main"", ""quoted_value"": ""12603.000"", ""status"": ""Financial Bid Opened""}, {""company"": ""ALBARAKAH INTERNATIONAL COMPREHENSIVE"", ""offer_type"": ""Main"", ""quoted_value"": ""5022.000"", ""status"": ""Financial Bid Opened""}, {""company"": ""ALSAHRAA UNITED TRADING AND CONTRACTING COMPANY"", ""offer_type"": ""Main"", ""quoted_value"": ""6240.000"", ""status"": ""Financial Bid Opened""}, {""company"": ""UNITEDARABEMIRATES"", ""offer_type"": ""Main"", ""quoted_value"": ""13200.000"", ""status"": ""Financial Bid Opened""}, {""company"": ""SHAA ALWSHAHTRAANDDCONT"", ""offer_type"": ""Main"", ""quoted_value"": ""6900.000"", ""status"": ""Financial Bid Opened""}, {""company"": ""PUBLIC SERVICE EST"", ""offer_type"": ""Main"", ""quoted_value"": ""28110.000"", ""status"": ""Financial Bid Opened""}]",[],{},"2026-05-02 01:37:26","2026-05-02 01:37:26"
64,167/2026/MAFWR/DGALR-14,"Maintenance of the laborator.....","Ministry of Agricultural, Fisheries Wealth and Water Resourc","Construction and Maintenance [Fourth]",,"","[{""company"": ""AL-DAQQA TRADING AND CONTRACTING COMPANY"", ""offer_type"": ""Main"", ""quoted_value"": ""7588.000"", ""status"": ""Financial Bid Opened""}, {""company"": ""MOHAMMED ALI AL-ABD AL-MASAHLI FOUNDATION"", ""offer_type"": ""Main"", ""quoted_value"": ""11171.994"", ""status"": ""Financial Bid Opened""}, {""company"": ""ALBUNYAN ALARABI TRAD&CONT"", ""offer_type"": ""Main"", ""quoted_value"": ""55150.000"", ""status"": ""Financial Bid Opened""}, {""company"": ""NATIONAL INSTALLATIONS CONT"", ""offer_type"": ""Main"", ""quoted_value"": ""15988.200"", ""status"": ""Financial Bid Opened""}, {""company"": ""GROOB HIJ"", ""offer_type"": ""Main"", ""quoted_value"": ""26030.000"", ""status"": ""Financial Bid Opened""}, {""company"": ""NAGUDAN TOWERS TRANSPORT"", ""offer_type"": ""Main"", ""quoted_value"": ""7360.500"", ""status"": ""Financial Bid Opened""}, {""company"": ""BRIGHT TOWERS CO LLC"", ""offer_type"": ""Main"", ""quoted_value"": ""20795.000"", ""status"": ""Financial Bid Opened""}, {""company"": ""TASHEEL TRADING SERVICES ESTABLISHMENT"", ""offer_type"": ""Main"", ""quoted_value"": ""9890.020"", ""status"": ""Financial Bid Opened""}, {""company"": ""RONA UNITED"", ""offer_type"": ""Main"", ""quoted_value"": ""11574.000"", ""status"": ""Financial Bid Opened""}, {""company"": ""MOHAMMED BIN ALI GLOBAL PROJECT"", ""offer_type"": ""Main"", ""quoted_value"": ""6514.000"", ""status"": ""Financial Bid Opened""}, {""company"": ""SHRKT ABTSAMT ALFDYT LLTJART"", ""offer_type"": ""Main"", ""quoted_value"": ""14886.295"", ""status"": ""Financial Bid Opened""}, {""company"": ""ASCEND"", ""offer_type"": ""Main"", ""quoted_value"": ""40173.000"", ""status"": ""Financial Bid Opened""}, {""company"": ""ALDILTA ALDUWLIAT LILTIJARAT WALMUQAWALAT COMPANY"", ""offer_type"": ""Main"", ""quoted_value"": ""23976.750"", ""status"": ""Financial Bid Opened""}, {""company"": ""ASDA ALMUTAKAMILIH"", ""offer_type"": ""Main"", ""quoted_value"": ""29010.000"", ""status"": ""Financial Bid Opened""}, {""company"": ""MASHREQ AL GHUBRAH PROJECTS"", ""offer_type"": ""Main"", ""quoted_value"": ""18867.000"", ""status"": ""Financial Bid Opened""}, {""company"": ""FAST ENERGY BUSINESS COMPANY"", ""offer_type"": ""Main"", ""quoted_value"": ""7308.000"", ""status"": ""Financial Bid Opened""}, {""company"": ""ETEN LIGHT TRADING COMPANY"", ""offer_type"": ""Main"", ""quoted_value"": ""11159.200"", ""status"": ""Financial Bid Opened""}]",[],{},"2026-05-02 01:37:26","2026-05-02 01:37:26"
65,69/2026/MOE/HQ-4,"RENOVATION WORKS TO ALKHANSA.....","Ministry of Education","Construction and Maintenance [Second]",,"","[{""company"": ""ARAB PROJECTS TRADING LLC"", ""offer_type"": ""Main"", ""quoted_value"": ""448950.000"", ""status"": ""Financial Bid Opened""}, {""company"": ""MOHAMMED SAID SALIM AL RAWAHI TRAD AND CONT"", ""offer_type"": ""Main"", ""quoted_value"": ""485613.000"", ""status"": ""Financial Bid Opened""}, {""company"": ""NOUR AL ARBAEEN TRADING AND CONTRACTING ASSOCIATION"", ""offer_type"": ""Main"", ""quoted_value"": ""536330.000"", ""status"": ""Financial Bid Opened""}, {""company"": ""ALAFAQ ALMUTAMIZAH TRADING AND CONTRACTION EST"", ""offer_type"": ""Main"", ""quoted_value"": ""388800.000"", ""status"": ""Financial Bid Opened""}, {""company"": ""ARDH AL ARAB TRAD AND CONT"", ""offer_type"": ""Main"", ""quoted_value"": ""532550.000"", ""status"": ""Financial Bid Opened""}, {""company"": ""AL-AIJA PORT FOR TRADING AND CONTRACTING"", ""offer_type"": ""Main"", ""quoted_value"": ""463500.000"", ""status"": ""Financial Bid Opened""}, {""company"": ""MEDIUM ARKAN FOR TRADING SPC"", ""offer_type"": ""Main"", ""quoted_value"": ""463000.000"", ""status"": ""Financial Bid Opened""}, {""company"": ""SABBA GLOBAL"", ""offer_type"": ""Main"", ""quoted_value"": """", ""status"": ""Technical Bid Opened""}, {""company"": ""KUPTAN AL KHALEEJ TRAD CO"", ""offer_type"": ""Main"", ""quoted_value"": """", ""status"": ""Technical Bid Opened""}, {""company"": ""SAWAED ALKHWAH CONT-ASSO"", ""offer_type"": ""Main"", ""quoted_value"": """", ""status"": ""Technical Bid Opened""}]","[{""reg_number"": ""00008740"", ""company"": ""SURTHCHNICALINTERPRISES"", ""company_type"": ""SME"", ""purchase_date"": ""11-02-2026 11:59""}, {""reg_number"": ""00001936"", ""company"": ""ARDH AL ARAB TRAD AND CONT"", ""company_type"": ""SME"", ""purchase_date"": ""12-02-2026 08:46""}, {""reg_number"": ""00002520"", ""company"": ""MEDIUM ARKAN FOR TRADING SPC"", ""company_type"": ""SME"", ""purchase_date"": ""12-02-2026 12:23""}, {""reg_number"": ""00001649"", ""company"": ""ALAFAQ ALMUTAMIZAH TRADING AND CONTRACTION EST"", ""company_type"": ""SME"", ""purchase_date"": ""14-02-2026 19:10""}, {""reg_number"": ""00001087"", ""company"": ""AXIS ENGINEERING"", ""company_type"": ""Local"", ""purchase_date"": ""17-02-2026 11:17""}, {""reg_number"": ""00000091"", ""company"": ""ALRIYAD CONSTRUCTIONTRADING"", ""company_type"": ""SME"", ""purchase_date"": ""18-02-2026 13:11""}, {""reg_number"": ""00001823"", ""company"": ""NOUR AL ARBAEEN TRADING AND CONTRACTING ASSOCIATION"", ""company_type"": ""SME"", ""purchase_date"": ""22-02-2026 22:26""}, {""reg_number"": ""00007979"", ""company"": ""SAWAED ALKHWAH CONT-ASSO"", ""company_type"": ""SME"", ""purchase_date"": ""24-02-2026 17:38""}, {""reg_number"": ""00012008"", ""company"": ""KUPTAN AL KHALEEJ TRAD CO"", ""company_type"": ""SME"", ""purchase_date"": ""25-02-2026 01:10""}, {""reg_number"": ""00001943"", ""company"": ""ARAB PROJECTS TRADING LLC"", ""company_type"": ""Local"", ""purchase_date"": ""25-02-2026 14:00""}, {""reg_number"": ""00001630"", ""company"": ""SABBA GLOBAL"", ""company_type"": ""SME"", ""purchase_date"": ""01-03-2026 12:05""}, {""reg_number"": ""00007984"", ""company"": ""Al-Aija Port for Trading and Contracting"", ""company_type"": ""SME"", ""purchase_date"": ""01-03-2026 23:20""}, {""reg_number"": ""00007538"", ""company"": ""Mohammed Said Salim Al Rawahi Trad and Cont"", ""company_type"": ""SME"", ""purchase_date"": ""01-03-2026 23:20""}, {""reg_number"": ""00009113"", ""company"": ""Al-Awafi leading company"", ""company_type"": ""SME"", ""purchase_date"": ""01-03-2026 23:33""}]",{},"2026-05-02 01:37:26","2026-05-02 01:37:26"
66,70/2026/MOE/HQ-5,"Renovation Specification For.....","Ministry of Education","Construction and Maintenance [Second]",,"","[{""company"": ""AL-AWAFI LEADING COMPANY"", ""offer_type"": ""Main"", ""quoted_value"": ""496800.000"", ""status"": ""Financial Bid Opened""}, {""company"": ""MOHAMMED SAID SALIM AL RAWAHI TRAD AND CONT"", ""offer_type"": ""Main"", ""quoted_value"": ""588210.000"", ""status"": ""Financial Bid Opened""}, {""company"": ""ARAB PROJECTS TRADING LLC"", ""offer_type"": ""Main"", ""quoted_value"": ""566100.000"", ""status"": ""Financial Bid Opened""}, {""company"": ""AL-AIJA PORT FOR TRADING AND CONTRACTING"", ""offer_type"": ""Main"", ""quoted_value"": ""613000.000"", ""status"": ""Financial Bid Opened""}, {""company"": ""NOUR AL ARBAEEN TRADING AND CONTRACTING ASSOCIATION"", ""offer_type"": ""Main"", ""quoted_value"": ""543780.000"", ""status"": ""Financial Bid Opened""}, {""company"": ""ARDH AL ARAB TRAD AND CONT"", ""offer_type"": ""Main"", ""quoted_value"": ""636250.000"", ""status"": ""Financial Bid Opened""}, {""company"": ""SABBA GLOBAL"", ""offer_type"": ""Main"", ""quoted_value"": """", ""status"": ""Technical Bid Opened""}, {""company"": ""SAWAED ALKHWAH CONT-ASSO"", ""offer_type"": ""Main"", ""quoted_value"": """", ""status"": ""Technical Bid Opened""}]","[{""reg_number"": ""00008740"", ""company"": ""SURTHCHNICALINTERPRISES"", ""company_type"": ""SME"", ""purchase_date"": ""11-02-2026 11:31""}, {""reg_number"": ""00011270"", ""company"": ""BAHA SUR ALHADITHA"", ""company_type"": ""SME"", ""purchase_date"": ""11-02-2026 18:53""}, {""reg_number"": ""00001936"", ""company"": ""ARDH AL ARAB TRAD AND CONT"", ""company_type"": ""SME"", ""purchase_date"": ""12-02-2026 08:38""}, {""reg_number"": ""00002520"", ""company"": ""MEDIUM ARKAN FOR TRADING SPC"", ""company_type"": ""SME"", ""purchase_date"": ""12-02-2026 12:19""}, {""reg_number"": ""00001649"", ""company"": ""ALAFAQ ALMUTAMIZAH TRADING AND CONTRACTION EST"", ""company_type"": ""SME"", ""purchase_date"": ""14-02-2026 19:08""}, {""reg_number"": ""00001087"", ""company"": ""AXIS ENGINEERING"", ""company_type"": ""Local"", ""purchase_date"": ""17-02-2026 11:11""}, {""reg_number"": ""00014701"", ""company"": ""EAMR AL-Mustagbal Engineering"", ""company_type"": ""SME"", ""purchase_date"": ""17-02-2026 16:28""}, {""reg_number"": ""00000091"", ""company"": ""ALRIYAD CONSTRUCTIONTRADING"", ""company_type"": ""SME"", ""purchase_date"": ""18-02-2026 13:47""}, {""reg_number"": ""00001823"", ""company"": ""NOUR AL ARBAEEN TRADING AND CONTRACTING ASSOCIATION"", ""company_type"": ""SME"", ""purchase_date"": ""22-02-2026 22:24""}, {""reg_number"": ""00007979"", ""company"": ""SAWAED ALKHWAH CONT-ASSO"", ""company_type"": ""SME"", ""purchase_date"": ""24-02-2026 17:35""}, {""reg_number"": ""00012008"", ""company"": ""KUPTAN AL KHALEEJ TRAD CO"", ""company_type"": ""SME"", ""purchase_date"": ""25-02-2026 05:35""}, {""reg_number"": ""00001943"", ""company"": ""ARAB PROJECTS TRADING LLC"", ""company_type"": ""Local"", ""purchase_date"": ""25-02-2026 13:50""}, {""reg_number"": ""00007538"", ""company"": ""Mohammed Said Salim Al Rawahi Trad and Cont"", ""company_type"": ""SME"", ""purchase_date"": ""01-03-2026 10:57""}, {""reg_number"": ""00001630"", ""company"": ""SABBA GLOBAL"", ""company_type"": ""SME"", ""purchase_date"": ""01-03-2026 12:00""}, {""reg_number"": ""00007984"", ""company"": ""Al-Aija Port for Trading and Contracting"", ""company_type"": ""SME"", ""purchase_date"": ""01-03-2026 23:28""}, {""reg_number"": ""00009113"", ""company"": ""Al-Awafi leading company"", ""company_type"": ""SME"", ""purchase_date"": ""01-03-2026 23:30""}]",{},"2026-05-02 01:37:26","2026-05-02 01:37:26"
67,7/2026/SBGO/HQ-7,"Construction of Phase Three .....","South Al Batinah Governor Office","Construction and Maintenance [Excellent,First]",,"","[{""company"": ""ALYAM ENTERPRISES LLC"", ""offer_type"": ""Main"", ""quoted_value"": ""2420648.913"", ""status"": ""Financial Bid Opened""}, {""company"": ""AWTAD INTERNATIONAL"", ""offer_type"": ""Main"", ""quoted_value"": ""1587350.315"", ""status"": ""Financial Bid Opened""}, {""company"": ""AL DIYAR NATIONAL ENT L LC"", ""offer_type"": ""Main"", ""quoted_value"": ""3290186.000"", ""status"": ""Financial Bid Opened""}, {""company"": ""TRADING LOGISTICS"", ""offer_type"": ""Main"", ""quoted_value"": ""1701309.800"", ""status"": ""Financial Bid Opened""}, {""company"": ""FAHUD TOWERS TRADING"", ""offer_type"": ""Main"", ""quoted_value"": ""1978348.177"", ""status"": ""Financial Bid Opened""}, {""company"": ""SAROOH GULF ALARABIA SONTSO"", ""offer_type"": ""Main"", ""quoted_value"": ""1743203.034"", ""status"": ""Financial Bid Opened""}]","[{""reg_number"": ""00003165"", ""company"": ""SAROOH GULF ALARABIA SONTSO"", ""company_type"": ""Local"", ""purchase_date"": ""23-02-2026 14:58""}, {""reg_number"": ""00001336"", ""company"": ""AL AQTAAB TRADING AND CONT"", ""company_type"": ""SME"", ""purchase_date"": ""24-02-2026 10:36""}, {""reg_number"": ""00007399"", ""company"": ""TRADING LOGISTICS"", ""company_type"": ""SME"", ""purchase_date"": ""24-02-2026 12:37""}, {""reg_number"": ""00005359"", ""company"": ""FAHUD TOWERS TRADING"", ""company_type"": ""SME"", ""purchase_date"": ""25-02-2026 13:30""}, {""reg_number"": ""00001186"", ""company"": ""MUSACAT OVERSEAS CONSTRUCTION CO"", ""company_type"": ""Local"", ""purchase_date"": ""26-02-2026 15:47""}, {""reg_number"": ""00000034"", ""company"": ""AL DIYAR NATIONAL ENT L LC"", ""company_type"": ""SME"", ""purchase_date"": ""27-02-2026 16:35""}, {""reg_number"": ""00003720"", ""company"": ""Awtad International"", ""company_type"": ""SME"", ""purchase_date"": ""28-02-2026 10:32""}, {""reg_number"": ""00001751"", ""company"": ""WESTERN UNITED BUSINESS LLC"", ""company_type"": ""SME"", ""purchase_date"": ""02-03-2026 14:35""}, {""reg_number"": ""00001199"", ""company"": ""NADANTRADING LLC"", ""company_type"": ""Local"", ""purchase_date"": ""04-03-2026 10:00""}, {""reg_number"": ""00002152"", ""company"": ""ALYAM ENTERPRISES LLC"", ""company_type"": ""Local"", ""purchase_date"": ""04-03-2026 14:45""}, {""reg_number"": ""00001876"", ""company"": ""AL TEHOON TRAD AND CONT CO"", ""company_type"": ""SME"", ""purchase_date"": ""06-03-2026 02:53""}, {""reg_number"": ""00004207"", ""company"": ""KHOTOOT AL REEF SERVICES AND CONT CO"", ""company_type"": ""SME"", ""purchase_date"": ""10-03-2026 12:53""}, {""reg_number"": ""00010465"", ""company"": ""AL RAWABI AL ZAHIYA INTERNATIONAL TRAD AND CONT LLC"", ""company_type"": ""Local"", ""purchase_date"": ""14-03-2026 10:22""}]",{},"2026-05-02 01:37:26","2026-05-02 01:37:26"
68,162/2026/MOE/HQ-4,"PROPOSED RENOVATION WORKS FO.....","Ministry of Education","Construction and Maintenance [Second]",,"","[{""company"": ""AL SHAMOOKH TRADING AND CONT CO"", ""offer_type"": ""Main"", ""quoted_value"": """", ""status"": ""Technical Bid Opened""}, {""company"": ""AL KASSER INTERNATIONAL CONTRACTING CO"", ""offer_type"": ""Main"", ""quoted_value"": """", ""status"": ""Technical Bid Opened""}, {""company"": ""SALIM FK FARAH SAID HUBAIS TRADING AND CONT"", ""offer_type"": ""Main"", ""quoted_value"": """", ""status"": ""Technical Bid Opened""}, {""company"": ""MAQSHAN ALALIYA TRD EST"", ""offer_type"": ""Main"", ""quoted_value"": """", ""status"": ""Technical Bid Opened""}, {""company"": ""TECHNICAL DEPARTMENT TRADE AND CONTRACTING"", ""offer_type"": ""Main"", ""quoted_value"": """", ""status"": ""Technical Bid Opened""}, {""company"": ""UNITED ESTABLISHMENT FOR MODERN CONSTRUCTION"", ""offer_type"": ""Main"", ""quoted_value"": """", ""status"": ""Technical Bid Opened""}, {""company"": ""SABBA GLOBAL"", ""offer_type"": ""Main"", ""quoted_value"": """", ""status"": ""Technical Bid Opened""}, {""company"": ""WHITE WAVES PROJECTS"", ""offer_type"": ""Main"", ""quoted_value"": """", ""status"": ""Technical Bid Opened""}]","[{""reg_number"": ""00007615"", ""company"": ""RAK INTERNATIONAL BUSINESS"", ""company_type"": ""SME"", ""purchase_date"": ""29-03-2026 09:13""}, {""reg_number"": ""00003736"", ""company"": ""United Establishment for Modern Construction"", ""company_type"": ""SME"", ""purchase_date"": ""29-03-2026 10:02""}, {""reg_number"": ""00007925"", ""company"": ""WHITE WAVES PROJECTS"", ""company_type"": ""SME"", ""purchase_date"": ""30-03-2026 09:09""}, {""reg_number"": ""00006689"", ""company"": ""AL KASSER INTERNATIONAL CONTRACTING CO"", ""company_type"": ""Local"", ""purchase_date"": ""30-03-2026 19:30""}, {""reg_number"": ""00009371"", ""company"": ""Technical Department Trade and Contracting"", ""company_type"": ""SME"", ""purchase_date"": ""30-03-2026 23:28""}, {""reg_number"": ""00002856"", ""company"": ""ALHATEM INTERNATIONAL TRAD CONT"", ""company_type"": ""SME"", ""purchase_date"": ""01-04-2026 11:15""}, {""reg_number"": ""00010097"", ""company"": ""MAQSHAN ALALIYA TRD EST"", ""company_type"": ""SME"", ""purchase_date"": ""02-04-2026 13:29""}, {""reg_number"": ""00001630"", ""company"": ""SABBA GLOBAL"", ""company_type"": ""SME"", ""purchase_date"": ""05-04-2026 09:38""}, {""reg_number"": ""00003055"", ""company"": ""AL SHAMOOKH TRADING AND CONT CO"", ""company_type"": ""SME"", ""purchase_date"": ""05-04-2026 12:15""}, {""reg_number"": ""00002048"", ""company"": ""SALIM FK FARAH SAID HUBAIS TRADING AND CONT"", ""company_type"": ""Local"", ""purchase_date"": ""07-04-2026 09:29""}]",{},"2026-05-02 01:37:26","2026-05-02 01:37:26"
69,71/2026/MOE/HQ-6,"Renovation Specification For.....","Ministry of Education","Construction and Maintenance [Second]",,"","[{""company"": ""MOHAMMED SAID SALIM AL RAWAHI TRAD AND CONT"", ""offer_type"": ""Main"", ""quoted_value"": ""404812.000"", ""status"": ""Financial Bid Opened""}, {""company"": ""ALAFAQ ALMUTAMIZAH TRADING AND CONTRACTION EST"", ""offer_type"": ""Main"", ""quoted_value"": ""400650.000"", ""status"": ""Financial Bid Opened""}, {""company"": ""EAMR AL-MUSTAGBAL ENGINEERING"", ""offer_type"": ""Main"", ""quoted_value"": ""387865.000"", ""status"": ""Financial Bid Opened""}, {""company"": ""AL-AIJA PORT FOR TRADING AND CONTRACTING"", ""offer_type"": ""Main"", ""quoted_value"": ""466500.000"", ""status"": ""Financial Bid Opened""}, {""company"": ""ARDH AL ARAB TRAD AND CONT"", ""offer_type"": ""Main"", ""quoted_value"": ""475160.000"", ""status"": ""Financial Bid Opened""}, {""company"": ""SAWAED ALKHWAH CONT-ASSO"", ""offer_type"": ""Main"", ""quoted_value"": """", ""status"": ""Technical Bid Opened""}, {""company"": ""BUILDING INNOVATION FOR CONTRACTING"", ""offer_type"": ""Main"", ""quoted_value"": """", ""status"": ""Technical Bid Opened""}]","[{""reg_number"": ""00008740"", ""company"": ""SURTHCHNICALINTERPRISES"", ""company_type"": ""SME"", ""purchase_date"": ""11-02-2026 11:35""}, {""reg_number"": ""00011922"", ""company"": ""BUILDING INNOVATION FOR CONTRACTING"", ""company_type"": ""SME"", ""purchase_date"": ""11-02-2026 17:39""}, {""reg_number"": ""00001936"", ""company"": ""ARDH AL ARAB TRAD AND CONT"", ""company_type"": ""SME"", ""purchase_date"": ""12-02-2026 08:40""}, {""reg_number"": ""00002520"", ""company"": ""MEDIUM ARKAN FOR TRADING SPC"", ""company_type"": ""SME"", ""purchase_date"": ""12-02-2026 12:21""}, {""reg_number"": ""00001649"", ""company"": ""ALAFAQ ALMUTAMIZAH TRADING AND CONTRACTION EST"", ""company_type"": ""SME"", ""purchase_date"": ""14-02-2026 19:12""}, {""reg_number"": ""00001087"", ""company"": ""AXIS ENGINEERING"", ""company_type"": ""Local"", ""purchase_date"": ""17-02-2026 11:13""}, {""reg_number"": ""00014701"", ""company"": ""EAMR AL-Mustagbal Engineering"", ""company_type"": ""SME"", ""purchase_date"": ""17-02-2026 16:34""}, {""reg_number"": ""00000091"", ""company"": ""ALRIYAD CONSTRUCTIONTRADING"", ""company_type"": ""SME"", ""purchase_date"": ""18-02-2026 13:39""}, {""reg_number"": ""00007925"", ""company"": ""WHITE WAVES PROJECTS"", ""company_type"": ""SME"", ""purchase_date"": ""19-02-2026 08:53""}, {""reg_number"": ""00007979"", ""company"": ""SAWAED ALKHWAH CONT-ASSO"", ""company_type"": ""SME"", ""purchase_date"": ""24-02-2026 17:36""}, {""reg_number"": ""00012008"", ""company"": ""KUPTAN AL KHALEEJ TRAD CO"", ""company_type"": ""SME"", ""purchase_date"": ""01-03-2026 05:04""}, {""reg_number"": ""00007538"", ""company"": ""Mohammed Said Salim Al Rawahi Trad and Cont"", ""company_type"": ""SME"", ""purchase_date"": ""01-03-2026 23:19""}, {""reg_number"": ""00007984"", ""company"": ""Al-Aija Port for Trading and Contracting"", ""company_type"": ""SME"", ""purchase_date"": ""01-03-2026 23:25""}]",{},"2026-05-02 01:37:26","2026-05-02 01:37:26"
70,79/2026/MOE/HQ-3,"RENOVATION WORKS TO AL-NABOU.....","Ministry of Education","Construction and Maintenance [Second]",,"","[{""company"": ""MEDIUM ARKAN FOR TRADING SPC"", ""offer_type"": ""Main"", ""quoted_value"": ""363500.000"", ""status"": ""Financial Bid Opened""}, {""company"": ""AXIS ENGINEERING"", ""offer_type"": ""Main"", ""quoted_value"": ""508550.000"", ""status"": ""Financial Bid Opened""}, {""company"": ""EAMR AL-MUSTAGBAL ENGINEERING"", ""offer_type"": ""Main"", ""quoted_value"": ""364800.000"", ""status"": ""Financial Bid Opened""}, {""company"": ""ARDH AL ARAB TRAD AND CONT"", ""offer_type"": ""Main"", ""quoted_value"": ""438150.000"", ""status"": ""Financial Bid Opened""}, {""company"": ""ALRIYAD CONSTRUCTIONTRADING"", ""offer_type"": ""Main"", ""quoted_value"": ""362085.000"", ""status"": ""Financial Bid Opened""}, {""company"": ""WAHAT AL JZZI FOR TRADING"", ""offer_type"": ""Main"", ""quoted_value"": """", ""status"": ""Technical Bid Opened""}, {""company"": ""ALAFAQ ALMUTAMIZAH TRADING AND CONTRACTION EST"", ""offer_type"": ""Main"", ""quoted_value"": """", ""status"": ""Technical Bid Opened""}, {""company"": ""SAWAED ALKHWAH CONT-ASSO"", ""offer_type"": ""Main"", ""quoted_value"": """", ""status"": ""Technical Bid Opened""}]","[{""reg_number"": ""00001936"", ""company"": ""ARDH AL ARAB TRAD AND CONT"", ""company_type"": ""SME"", ""purchase_date"": ""12-02-2026 11:43""}, {""reg_number"": ""00002520"", ""company"": ""MEDIUM ARKAN FOR TRADING SPC"", ""company_type"": ""SME"", ""purchase_date"": ""12-02-2026 12:18""}, {""reg_number"": ""00001087"", ""company"": ""AXIS ENGINEERING"", ""company_type"": ""Local"", ""purchase_date"": ""17-02-2026 11:09""}, {""reg_number"": ""00000134"", ""company"": ""WAHAT AL JZZI FOR TRADING"", ""company_type"": ""Local"", ""purchase_date"": ""17-02-2026 15:30""}, {""reg_number"": ""00014701"", ""company"": ""EAMR AL-Mustagbal Engineering"", ""company_type"": ""SME"", ""purchase_date"": ""17-02-2026 16:32""}, {""reg_number"": ""00000091"", ""company"": ""ALRIYAD CONSTRUCTIONTRADING"", ""company_type"": ""SME"", ""purchase_date"": ""18-02-2026 13:55""}, {""reg_number"": ""00007925"", ""company"": ""WHITE WAVES PROJECTS"", ""company_type"": ""SME"", ""purchase_date"": ""19-02-2026 08:44""}, {""reg_number"": ""00001649"", ""company"": ""ALAFAQ ALMUTAMIZAH TRADING AND CONTRACTION EST"", ""company_type"": ""SME"", ""purchase_date"": ""19-02-2026 13:30""}, {""reg_number"": ""00007979"", ""company"": ""SAWAED ALKHWAH CONT-ASSO"", ""company_type"": ""SME"", ""purchase_date"": ""21-02-2026 18:05""}, {""reg_number"": ""00001943"", ""company"": ""ARAB PROJECTS TRADING LLC"", ""company_type"": ""Local"", ""purchase_date"": ""25-02-2026 14:04""}, {""reg_number"": ""00009113"", ""company"": ""Al-Awafi leading company"", ""company_type"": ""SME"", ""purchase_date"": ""25-02-2026 23:59""}, {""reg_number"": ""00006269"", ""company"": ""HAD ALSHOF TRADING"", ""company_type"": ""SME"", ""purchase_date"": ""26-02-2026 09:41""}]",{},"2026-05-02 01:37:26","2026-05-02 01:37:26"
71,82/2026/MOE/HQ-6,"RENOVATION WORKS TO HARITHA .....","Ministry of Education","Construction and Maintenance [Second]",,"","[{""company"": ""AL-AWAFI LEADING COMPANY"", ""offer_type"": ""Main"", ""quoted_value"": ""324300.000"", ""status"": ""Financial Bid Opened""}, {""company"": ""AXIS ENGINEERING"", ""offer_type"": ""Main"", ""quoted_value"": ""469905.000"", ""status"": ""Financial Bid Opened""}, {""company"": ""ARDH AL ARAB TRAD AND CONT"", ""offer_type"": ""Main"", ""quoted_value"": ""378900.000"", ""status"": ""Financial Bid Opened""}, {""company"": ""ALRIYAD CONSTRUCTIONTRADING"", ""offer_type"": ""Main"", ""quoted_value"": ""365450.000"", ""status"": ""Financial Bid Opened""}, {""company"": ""SAWAED ALKHWAH CONT-ASSO"", ""offer_type"": ""Main"", ""quoted_value"": """", ""status"": ""Technical Bid Opened""}, {""company"": ""ALAFAQ ALMUTAMIZAH TRADING AND CONTRACTION EST"", ""offer_type"": ""Main"", ""quoted_value"": """", ""status"": ""Technical Bid Opened""}]","[{""reg_number"": ""00001936"", ""company"": ""ARDH AL ARAB TRAD AND CONT"", ""company_type"": ""SME"", ""purchase_date"": ""12-02-2026 11:41""}, {""reg_number"": ""00002520"", ""company"": ""MEDIUM ARKAN FOR TRADING SPC"", ""company_type"": ""SME"", ""purchase_date"": ""12-02-2026 12:15""}, {""reg_number"": ""00001087"", ""company"": ""AXIS ENGINEERING"", ""company_type"": ""Local"", ""purchase_date"": ""17-02-2026 11:07""}, {""reg_number"": ""00014701"", ""company"": ""EAMR AL-Mustagbal Engineering"", ""company_type"": ""SME"", ""purchase_date"": ""17-02-2026 16:31""}, {""reg_number"": ""00000091"", ""company"": ""ALRIYAD CONSTRUCTIONTRADING"", ""company_type"": ""SME"", ""purchase_date"": ""18-02-2026 14:03""}, {""reg_number"": ""00007925"", ""company"": ""WHITE WAVES PROJECTS"", ""company_type"": ""SME"", ""purchase_date"": ""19-02-2026 08:49""}, {""reg_number"": ""00001649"", ""company"": ""ALAFAQ ALMUTAMIZAH TRADING AND CONTRACTION EST"", ""company_type"": ""SME"", ""purchase_date"": ""19-02-2026 13:29""}, {""reg_number"": ""00007979"", ""company"": ""SAWAED ALKHWAH CONT-ASSO"", ""company_type"": ""SME"", ""purchase_date"": ""21-02-2026 17:59""}, {""reg_number"": ""00009113"", ""company"": ""Al-Awafi leading company"", ""company_type"": ""SME"", ""purchase_date"": ""25-02-2026 23:53""}, {""reg_number"": ""00006269"", ""company"": ""HAD ALSHOF TRADING"", ""company_type"": ""SME"", ""purchase_date"": ""26-02-2026 09:35""}]",{},"2026-05-02 01:37:26","2026-05-02 01:37:26"
72,83/2026/MOE/HQ-7,"RENEVATION WORKS TO Salem bi.....","Ministry of Education","Construction and Maintenance [Second]",,"","[{""company"": ""WAHAT AL JZZI FOR TRADING"", ""offer_type"": ""Main"", ""quoted_value"": ""299070.000"", ""status"": ""Financial Bid Opened""}, {""company"": ""EAMR AL-MUSTAGBAL ENGINEERING"", ""offer_type"": ""Main"", ""quoted_value"": ""247035.000"", ""status"": ""Financial Bid Opened""}, {""company"": ""SAWAED ALKHWAH CONT-ASSO"", ""offer_type"": ""Main"", ""quoted_value"": ""273000.000"", ""status"": ""Financial Bid Opened""}, {""company"": ""ARDH AL ARAB TRAD AND CONT"", ""offer_type"": ""Main"", ""quoted_value"": ""387500.000"", ""status"": ""Financial Bid Opened""}, {""company"": ""ALAFAQ ALMUTAMIZAH TRADING AND CONTRACTION EST"", ""offer_type"": ""Main"", ""quoted_value"": """", ""status"": ""Technical Bid Opened""}]","[{""reg_number"": ""00001936"", ""company"": ""ARDH AL ARAB TRAD AND CONT"", ""company_type"": ""SME"", ""purchase_date"": ""12-02-2026 11:38""}, {""reg_number"": ""00002520"", ""company"": ""MEDIUM ARKAN FOR TRADING SPC"", ""company_type"": ""SME"", ""purchase_date"": ""12-02-2026 12:12""}, {""reg_number"": ""00001087"", ""company"": ""AXIS ENGINEERING"", ""company_type"": ""Local"", ""purchase_date"": ""17-02-2026 11:04""}, {""reg_number"": ""00000134"", ""company"": ""WAHAT AL JZZI FOR TRADING"", ""company_type"": ""Local"", ""purchase_date"": ""17-02-2026 15:26""}, {""reg_number"": ""00014701"", ""company"": ""EAMR AL-Mustagbal Engineering"", ""company_type"": ""SME"", ""purchase_date"": ""17-02-2026 16:26""}, {""reg_number"": ""00000091"", ""company"": ""ALRIYAD CONSTRUCTIONTRADING"", ""company_type"": ""SME"", ""purchase_date"": ""18-02-2026 14:07""}, {""reg_number"": ""00007925"", ""company"": ""WHITE WAVES PROJECTS"", ""company_type"": ""SME"", ""purchase_date"": ""19-02-2026 08:51""}, {""reg_number"": ""00001649"", ""company"": ""ALAFAQ ALMUTAMIZAH TRADING AND CONTRACTION EST"", ""company_type"": ""SME"", ""purchase_date"": ""19-02-2026 13:27""}, {""reg_number"": ""00007979"", ""company"": ""SAWAED ALKHWAH CONT-ASSO"", ""company_type"": ""SME"", ""purchase_date"": ""21-02-2026 17:40""}, {""reg_number"": ""00001943"", ""company"": ""ARAB PROJECTS TRADING LLC"", ""company_type"": ""Local"", ""purchase_date"": ""25-02-2026 14:12""}, {""reg_number"": ""00009113"", ""company"": ""Al-Awafi leading company"", ""company_type"": ""SME"", ""purchase_date"": ""25-02-2026 23:50""}, {""reg_number"": ""00006269"", ""company"": ""HAD ALSHOF TRADING"", ""company_type"": ""SME"", ""purchase_date"": ""26-02-2026 09:34""}]",{},"2026-05-02 01:37:26","2026-05-02 01:37:26"
73,80/2026/MOE/HQ-4,"RENEVATION WORKS TO wadi hta.....","Ministry of Education","Construction and Maintenance [Second]",,"","[{""company"": ""AXIS ENGINEERING"", ""offer_type"": ""Main"", ""quoted_value"": ""499880.000"", ""status"": ""Financial Bid Opened""}, {""company"": ""EAMR AL-MUSTAGBAL ENGINEERING"", ""offer_type"": ""Main"", ""quoted_value"": ""326000.000"", ""status"": ""Financial Bid Opened""}, {""company"": ""AL-AWAFI LEADING COMPANY"", ""offer_type"": ""Main"", ""quoted_value"": ""319200.000"", ""status"": ""Financial Bid Opened""}, {""company"": ""ARDH AL ARAB TRAD AND CONT"", ""offer_type"": ""Main"", ""quoted_value"": ""420750.000"", ""status"": ""Financial Bid Opened""}, {""company"": ""BUILDING INNOVATION FOR CONTRACTING"", ""offer_type"": ""Main"", ""quoted_value"": """", ""status"": ""Technical Bid Opened""}, {""company"": ""SAWAED ALKHWAH CONT-ASSO"", ""offer_type"": ""Main"", ""quoted_value"": """", ""status"": ""Technical Bid Opened""}, {""company"": ""ALAFAQ ALMUTAMIZAH TRADING AND CONTRACTION EST"", ""offer_type"": ""Main"", ""quoted_value"": """", ""status"": ""Technical Bid Opened""}]","[{""reg_number"": ""00001936"", ""company"": ""ARDH AL ARAB TRAD AND CONT"", ""company_type"": ""SME"", ""purchase_date"": ""12-02-2026 11:34""}, {""reg_number"": ""00002520"", ""company"": ""MEDIUM ARKAN FOR TRADING SPC"", ""company_type"": ""SME"", ""purchase_date"": ""12-02-2026 12:10""}, {""reg_number"": ""00011922"", ""company"": ""BUILDING INNOVATION FOR CONTRACTING"", ""company_type"": ""SME"", ""purchase_date"": ""17-02-2026 00:46""}, {""reg_number"": ""00001087"", ""company"": ""AXIS ENGINEERING"", ""company_type"": ""Local"", ""purchase_date"": ""17-02-2026 11:02""}, {""reg_number"": ""00014701"", ""company"": ""EAMR AL-Mustagbal Engineering"", ""company_type"": ""SME"", ""purchase_date"": ""17-02-2026 16:24""}, {""reg_number"": ""00000091"", ""company"": ""ALRIYAD CONSTRUCTIONTRADING"", ""company_type"": ""SME"", ""purchase_date"": ""18-02-2026 14:11""}, {""reg_number"": ""00007925"", ""company"": ""WHITE WAVES PROJECTS"", ""company_type"": ""SME"", ""purchase_date"": ""19-02-2026 08:46""}, {""reg_number"": ""00001649"", ""company"": ""ALAFAQ ALMUTAMIZAH TRADING AND CONTRACTION EST"", ""company_type"": ""SME"", ""purchase_date"": ""19-02-2026 13:26""}, {""reg_number"": ""00007979"", ""company"": ""SAWAED ALKHWAH CONT-ASSO"", ""company_type"": ""SME"", ""purchase_date"": ""21-02-2026 17:36""}, {""reg_number"": ""00009113"", ""company"": ""Al-Awafi leading company"", ""company_type"": ""SME"", ""purchase_date"": ""25-02-2026 23:52""}]",{},"2026-05-02 01:37:26","2026-05-02 01:37:26"
74,81/2026/MOE/HQ-5,"RENEVATION WORKS TO Wadi Ada.....","Ministry of Education","Construction and Maintenance [Second]",,"","[{""company"": ""SAWAED ALKHWAH CONT-ASSO"", ""offer_type"": ""Main"", ""quoted_value"": ""272100.000"", ""status"": ""Financial Bid Opened""}, {""company"": ""ARDH AL ARAB TRAD AND CONT"", ""offer_type"": ""Main"", ""quoted_value"": ""314375.000"", ""status"": ""Financial Bid Opened""}, {""company"": ""MEDIUM ARKAN FOR TRADING SPC"", ""offer_type"": ""Main"", ""quoted_value"": ""256300.000"", ""status"": ""Financial Bid Opened""}, {""company"": ""AXIS ENGINEERING"", ""offer_type"": ""Main"", ""quoted_value"": ""395000.000"", ""status"": ""Financial Bid Opened""}, {""company"": ""ARAB PROJECTS TRADING LLC"", ""offer_type"": ""Main"", ""quoted_value"": """", ""status"": ""Technical Bid Opened""}, {""company"": ""ALAFAQ ALMUTAMIZAH TRADING AND CONTRACTION EST"", ""offer_type"": ""Main"", ""quoted_value"": """", ""status"": ""Technical Bid Opened""}]","[{""reg_number"": ""00001936"", ""company"": ""ARDH AL ARAB TRAD AND CONT"", ""company_type"": ""SME"", ""purchase_date"": ""12-02-2026 11:30""}, {""reg_number"": ""00002520"", ""company"": ""MEDIUM ARKAN FOR TRADING SPC"", ""company_type"": ""SME"", ""purchase_date"": ""12-02-2026 12:05""}, {""reg_number"": ""00004617"", ""company"": ""SHAHEEN"", ""company_type"": ""SME"", ""purchase_date"": ""12-02-2026 12:50""}, {""reg_number"": ""00001087"", ""company"": ""AXIS ENGINEERING"", ""company_type"": ""Local"", ""purchase_date"": ""17-02-2026 10:56""}, {""reg_number"": ""00014701"", ""company"": ""EAMR AL-Mustagbal Engineering"", ""company_type"": ""SME"", ""purchase_date"": ""17-02-2026 16:23""}, {""reg_number"": ""00000091"", ""company"": ""ALRIYAD CONSTRUCTIONTRADING"", ""company_type"": ""SME"", ""purchase_date"": ""18-02-2026 14:14""}, {""reg_number"": ""00007925"", ""company"": ""WHITE WAVES PROJECTS"", ""company_type"": ""SME"", ""purchase_date"": ""19-02-2026 08:48""}, {""reg_number"": ""00001649"", ""company"": ""ALAFAQ ALMUTAMIZAH TRADING AND CONTRACTION EST"", ""company_type"": ""SME"", ""purchase_date"": ""19-02-2026 13:25""}, {""reg_number"": ""00002349"", ""company"": ""AL ARBAA NATIONAL EST"", ""company_type"": ""Local"", ""purchase_date"": ""19-02-2026 13:39""}, {""reg_number"": ""00007979"", ""company"": ""SAWAED ALKHWAH CONT-ASSO"", ""company_type"": ""SME"", ""purchase_date"": ""21-02-2026 17:25""}, {""reg_number"": ""00001943"", ""company"": ""ARAB PROJECTS TRADING LLC"", ""company_type"": ""Local"", ""purchase_date"": ""25-02-2026 14:08""}, {""reg_number"": ""00009113"", ""company"": ""Al-Awafi leading company"", ""company_type"": ""SME"", ""purchase_date"": ""25-02-2026 23:56""}]",{},"2026-05-02 01:37:26","2026-05-02 01:37:26"
75,927/2025/MOE/HQ-232,"PROPOSED CONSTRUCTION OF ADD.....","Ministry of Education","Construction and Maintenance [First]",,"","[{""company"": ""ALJAHFALI TRADING AND CONTRACTING EST"", ""offer_type"": ""Main"", ""quoted_value"": ""663900.000"", ""status"": ""Financial Bid Opened""}, {""company"": ""SALEM SAEED SSILMON ALAMRI TRD CONT  COMPANY"", ""offer_type"": ""Main"", ""quoted_value"": ""823920.000"", ""status"": ""Financial Bid Opened""}, {""company"": ""WESTERN UNITED BUSINESS LLC"", ""offer_type"": ""Main"", ""quoted_value"": ""694796.130"", ""status"": ""Financial Bid Opened""}, {""company"": ""SALFIE TREDING"", ""offer_type"": ""Main"", ""quoted_value"": ""634000.000"", ""status"": ""Financial Bid Opened""}, {""company"": ""SUNSTRUCT TOURS FOR TRADE"", ""offer_type"": ""Main"", ""quoted_value"": ""636900.000"", ""status"": ""Financial Bid Opened""}, {""company"": ""KHOTOOT AL REEF SERVICES AND CONT CO"", ""offer_type"": ""Main"", ""quoted_value"": ""615000.000"", ""status"": ""Financial Bid Opened""}, {""company"": ""ALHAWAGES INTERNATIONAL TRAD"", ""offer_type"": ""Main"", ""quoted_value"": ""617544.000"", ""status"": ""Financial Bid Opened""}, {""company"": ""AL DIYAR NATIONAL ENT L LC"", ""offer_type"": ""Main"", ""quoted_value"": ""514000.000"", ""status"": ""Financial Bid Opened""}]","[{""reg_number"": ""00003172"", ""company"": ""ALJAHFALI TRADING AND CONTRACTING EST"", ""company_type"": ""SME"", ""purchase_date"": ""24-12-2025 14:03""}, {""reg_number"": ""00002549"", ""company"": ""ALHAWAGES INTERNATIONAL TRAD"", ""company_type"": ""SME"", ""purchase_date"": ""25-12-2025 13:06""}, {""reg_number"": ""00003447"", ""company"": ""Sunstruct Tours for Trade"", ""company_type"": ""SME"", ""purchase_date"": ""26-12-2025 10:53""}, {""reg_number"": ""00006268"", ""company"": ""FUTURE LINE ENGNEERING PROJECTS LLC"", ""company_type"": ""SME"", ""purchase_date"": ""26-12-2025 16:20""}, {""reg_number"": ""00003484"", ""company"": ""SALFIE TREDING"", ""company_type"": ""SME"", ""purchase_date"": ""31-12-2025 15:20""}, {""reg_number"": ""00001065"", ""company"": ""TOTAL DEVELOPMENT"", ""company_type"": ""SME"", ""purchase_date"": ""01-01-2026 10:34""}, {""reg_number"": ""00003547"", ""company"": ""SALEM SAEED SSILMON ALAMRI TRD CONT  COMPANY"", ""company_type"": ""Local"", ""purchase_date"": ""04-01-2026 11:09""}, {""reg_number"": ""00003080"", ""company"": ""AL ZARRAQ TRADING ENTERPRISES LLC"", ""company_type"": ""Local"", ""purchase_date"": ""04-01-2026 18:46""}, {""reg_number"": ""00003605"", ""company"": ""SHALALAT AL SHARK"", ""company_type"": ""SME"", ""purchase_date"": ""05-01-2026 12:36""}, {""reg_number"": ""00000034"", ""company"": ""AL DIYAR NATIONAL ENT L LC"", ""company_type"": ""SME"", ""purchase_date"": ""05-01-2026 12:51""}, {""reg_number"": ""00004207"", ""company"": ""KHOTOOT AL REEF SERVICES AND CONT CO"", ""company_type"": ""SME"", ""purchase_date"": ""06-01-2026 11:42""}, {""reg_number"": ""00003926"", ""company"": ""SKYLINE INTERNATIONAL LLC"", ""company_type"": ""Local"", ""purchase_date"": ""07-01-2026 08:34""}, {""reg_number"": ""00000540"", ""company"": ""ALNAMA ENGINEERING SERVICES AND TRADING LLC"", ""company_type"": ""Local"", ""purchase_date"": ""07-01-2026 09:40""}, {""reg_number"": ""00001751"", ""company"": ""WESTERN UNITED BUSINESS LLC"", ""company_type"": ""SME"", ""purchase_date"": ""07-01-2026 09:59""}]",{},"2026-05-02 01:37:26","2026-05-02 01:37:26"
76,852/2026/MOH/DGHSSB-3,"Conversion of Accommodation .....","Ministry of Health","Construction and Maintenance [Fourth]",,"","[{""company"": ""AL LLAMSAT  ALZZAHIA  ALHADITHA  TRAD"", ""offer_type"": ""Main"", ""quoted_value"": ""54589.940"", ""status"": ""Financial Bid Opened""}, {""company"": ""ABU AL MUHALB AL HATMI"", ""offer_type"": ""Main"", ""quoted_value"": ""57000.000"", ""status"": ""Financial Bid Opened""}, {""company"": ""AL ATBAL TRADING"", ""offer_type"": ""Main"", ""quoted_value"": ""60745.000"", ""status"": ""Financial Bid Opened""}, {""company"": ""TAKATOF GULF UNITED TRAD & CONT EST"", ""offer_type"": ""Main"", ""quoted_value"": ""83800.000"", ""status"": ""Financial Bid Opened""}, {""company"": ""STAR LIGHT TRADING"", ""offer_type"": ""Main"", ""quoted_value"": ""48600.000"", ""status"": ""Financial Bid Opened""}, {""company"": ""THE ROCK FOR ENGINEERING AND ADMINISTRATIVE SERVICES"", ""offer_type"": ""Main"", ""quoted_value"": ""58315.000"", ""status"": ""Financial Bid Opened""}, {""company"": ""MANADHIR ANDAM AL MUTAMYZA FOR TRAD & CONT"", ""offer_type"": ""Main"", ""quoted_value"": ""64316.700"", ""status"": ""Financial Bid Opened""}]","[{""reg_number"": """", ""company"": ""AL ATBAL TRADING"", ""company_type"": ""SME"", ""purchase_date"": ""07-03-2026 13:41""}, {""reg_number"": ""00012069"", ""company"": ""Anwar Al Riyadh Business"", ""company_type"": ""SME"", ""purchase_date"": ""10-03-2026 11:08""}, {""reg_number"": ""00006944"", ""company"": ""TAKATOF GULF UNITED TRAD & CONT EST"", ""company_type"": ""SME"", ""purchase_date"": ""10-03-2026 23:30""}, {""reg_number"": ""00009923"", ""company"": ""STAR LIGHT TRADING"", ""company_type"": ""Local"", ""purchase_date"": ""12-03-2026 12:43""}, {""reg_number"": ""00009751"", ""company"": ""AL LLAMSAT  ALZZAHIA  ALHADITHA  TRAD"", ""company_type"": ""SME"", ""purchase_date"": ""14-03-2026 09:52""}, {""reg_number"": ""00000163"", ""company"": ""WODDN GATE FOR TRADE AND CONTRACT"", ""company_type"": ""SME"", ""purchase_date"": ""15-03-2026 12:58""}, {""reg_number"": ""00004597"", ""company"": ""ABU AL MUHALB AL HATMI"", ""company_type"": ""SME"", ""purchase_date"": ""16-03-2026 02:08""}, {""reg_number"": ""00015961"", ""company"": ""Manadhir Andam Al mutamyza for Trad & Cont"", ""company_type"": ""SME"", ""purchase_date"": ""19-03-2026 12:37""}, {""reg_number"": ""00016310"", ""company"": ""The Rock for Engineering and Administrative Services"", ""company_type"": ""SME"", ""purchase_date"": ""19-03-2026 22:12""}]",{},"2026-05-02 01:37:26","2026-05-02 01:37:26"
77,115/2026/MOE/HQ-13,"Tender for equipping prepara.....","Ministry of Education","Construction and Maintenance [Third,Fourth]",,"","[{""company"": ""GROOB HIJ"", ""offer_type"": ""Main"", ""quoted_value"": ""95500.000"", ""status"": ""Financial Bid Opened""}, {""company"": ""TAKATOF GULF UNITED TRAD & CONT EST"", ""offer_type"": ""Main"", ""quoted_value"": ""133000.000"", ""status"": ""Financial Bid Opened""}, {""company"": ""UNITEDARABEMIRATES"", ""offer_type"": ""Main"", ""quoted_value"": ""99361.500"", ""status"": ""Financial Bid Opened""}, {""company"": ""AREAF DUQM"", ""offer_type"": ""Main"", ""quoted_value"": ""227965.500"", ""status"": ""Financial Bid Opened""}]","[{""reg_number"": ""00010962"", ""company"": ""AREAF DUQM"", ""company_type"": ""SME"", ""purchase_date"": ""06-03-2026 23:33""}, {""reg_number"": ""00017075"", ""company"": ""Duqm Investment Company"", ""company_type"": ""Local"", ""purchase_date"": ""08-03-2026 06:13""}, {""reg_number"": ""00006944"", ""company"": ""TAKATOF GULF UNITED TRAD & CONT EST"", ""company_type"": ""SME"", ""purchase_date"": ""09-03-2026 21:06""}, {""reg_number"": ""00010002"", ""company"": ""MALEM NEMER TRADING AND CONTRACTING CO"", ""company_type"": ""SME"", ""purchase_date"": ""10-03-2026 00:21""}, {""reg_number"": ""00009497"", ""company"": ""GROOB HIJ"", ""company_type"": ""SME"", ""purchase_date"": ""11-03-2026 07:52""}, {""reg_number"": ""00007190"", ""company"": ""ABAQ ALGHAIL TRADING"", ""company_type"": ""SME"", ""purchase_date"": ""17-03-2026 13:02""}, {""reg_number"": ""00007434"", ""company"": ""ALAMERAT HORIZONS ADVANCED PROJECTS"", ""company_type"": ""SME"", ""purchase_date"": ""18-03-2026 12:21""}, {""reg_number"": ""00005813"", ""company"": ""UNITEDARABEMIRATES"", ""company_type"": ""SME"", ""purchase_date"": ""19-03-2026 20:15""}, {""reg_number"": ""00003418"", ""company"": ""Rossan Engineering Est"", ""company_type"": ""Local"", ""purchase_date"": ""24-03-2026 14:16""}, {""reg_number"": ""00015892"", ""company"": ""RIMAL ALQOA BUSINESS"", ""company_type"": ""SME"", ""purchase_date"": ""24-03-2026 14:27""}]",{},"2026-05-02 01:37:26","2026-05-02 01:37:26"
78,89/2026/MOE/HQ-7,"Maintinance Work at Wahat Al.....","Ministry of Education","Construction and Maintenance [Second]",,"","[{""company"": ""AXIS ENGINEERING"", ""offer_type"": ""Main"", ""quoted_value"": ""286917.000"", ""status"": ""Financial Bid Opened""}, {""company"": ""SAWAED ALKHWAH CONT-ASSO"", ""offer_type"": ""Main"", ""quoted_value"": ""227100.000"", ""status"": ""Financial Bid Opened""}, {""company"": ""ARDH AL ARAB TRAD AND CONT"", ""offer_type"": ""Main"", ""quoted_value"": ""297435.000"", ""status"": ""Financial Bid Opened""}, {""company"": ""EAMR AL-MUSTAGBAL ENGINEERING"", ""offer_type"": ""Main"", ""quoted_value"": ""219500.000"", ""status"": ""Financial Bid Opened""}, {""company"": ""ALAFAQ ALMUTAMIZAH TRADING AND CONTRACTION EST"", ""offer_type"": ""Main"", ""quoted_value"": ""168300.000"", ""status"": ""Financial Bid Opened""}, {""company"": ""ALLOUS TRADING AND CONTRACTING"", ""offer_type"": ""Main"", ""quoted_value"": """", ""status"": ""Technical Bid Opened""}, {""company"": ""ALHOOR INTERNATIONAL EST"", ""offer_type"": ""Main"", ""quoted_value"": """", ""status"": ""Technical Bid Opened""}]","[{""reg_number"": ""00000858"", ""company"": ""TAQSEEM DEVELOPERS AND SERVICES"", ""company_type"": ""Local"", ""purchase_date"": ""17-02-2026 12:32""}, {""reg_number"": ""00007979"", ""company"": ""SAWAED ALKHWAH CONT-ASSO"", ""company_type"": ""SME"", ""purchase_date"": ""17-02-2026 14:07""}, {""reg_number"": ""00014701"", ""company"": ""EAMR AL-Mustagbal Engineering"", ""company_type"": ""SME"", ""purchase_date"": ""17-02-2026 16:20""}, {""reg_number"": ""00001649"", ""company"": ""ALAFAQ ALMUTAMIZAH TRADING AND CONTRACTION EST"", ""company_type"": ""SME"", ""purchase_date"": ""19-02-2026 13:16""}, {""reg_number"": ""00002520"", ""company"": ""MEDIUM ARKAN FOR TRADING SPC"", ""company_type"": ""SME"", ""purchase_date"": ""19-02-2026 17:53""}, {""reg_number"": ""00003054"", ""company"": ""ALLOUS TRADING AND CONTRACTING"", ""company_type"": ""SME"", ""purchase_date"": ""21-02-2026 21:02""}, {""reg_number"": ""00001196"", ""company"": ""ALHOOR INTERNATIONAL EST"", ""company_type"": ""Local"", ""purchase_date"": ""22-02-2026 08:39""}, {""reg_number"": ""00001936"", ""company"": ""ARDH AL ARAB TRAD AND CONT"", ""company_type"": ""SME"", ""purchase_date"": ""26-02-2026 12:57""}, {""reg_number"": ""00001087"", ""company"": ""AXIS ENGINEERING"", ""company_type"": ""Local"", ""purchase_date"": ""01-03-2026 11:55""}, {""reg_number"": ""00007984"", ""company"": ""Al-Aija Port for Trading and Contracting"", ""company_type"": ""SME"", ""purchase_date"": ""06-03-2026 13:20""}, {""reg_number"": ""00008287"", ""company"": ""HAMOOD BAN ABDULLAH BAN MOHAMMAD ALHARTHI"", ""company_type"": ""SME"", ""purchase_date"": ""10-03-2026 19:45""}]",{},"2026-05-02 01:37:26","2026-05-02 01:37:26"
79,91/2026/MOE/HQ-8,"Restoration of Ammar Bin Yas.....","Ministry of Education","Construction and Maintenance [Second]",,"","[{""company"": ""EAMR AL-MUSTAGBAL ENGINEERING"", ""offer_type"": ""Main"", ""quoted_value"": ""329300.000"", ""status"": ""Financial Bid Opened""}, {""company"": ""AXIS ENGINEERING"", ""offer_type"": ""Main"", ""quoted_value"": ""419742.000"", ""status"": ""Financial Bid Opened""}, {""company"": ""ARDH AL ARAB TRAD AND CONT"", ""offer_type"": ""Main"", ""quoted_value"": ""439950.000"", ""status"": ""Financial Bid Opened""}, {""company"": ""SAWAED ALKHWAH CONT-ASSO"", ""offer_type"": ""Main"", ""quoted_value"": ""383000.000"", ""status"": ""Financial Bid Opened""}, {""company"": ""AL-AWAFI LEADING COMPANY"", ""offer_type"": ""Main"", ""quoted_value"": ""318100.000"", ""status"": ""Financial Bid Opened""}, {""company"": ""ALAFAQ ALMUTAMIZAH TRADING AND CONTRACTION EST"", ""offer_type"": ""Main"", ""quoted_value"": ""283510.000"", ""status"": ""Financial Bid Opened""}, {""company"": ""ALLOUS TRADING AND CONTRACTING"", ""offer_type"": ""Main"", ""quoted_value"": """", ""status"": ""Technical Bid Opened""}, {""company"": ""ALHOOR INTERNATIONAL EST"", ""offer_type"": ""Main"", ""quoted_value"": """", ""status"": ""Technical Bid Opened""}]","[{""reg_number"": ""00014701"", ""company"": ""EAMR AL-Mustagbal Engineering"", ""company_type"": ""SME"", ""purchase_date"": ""17-02-2026 16:21""}, {""reg_number"": ""00001649"", ""company"": ""ALAFAQ ALMUTAMIZAH TRADING AND CONTRACTION EST"", ""company_type"": ""SME"", ""purchase_date"": ""19-02-2026 13:18""}, {""reg_number"": ""00002520"", ""company"": ""MEDIUM ARKAN FOR TRADING SPC"", ""company_type"": ""SME"", ""purchase_date"": ""19-02-2026 17:57""}, {""reg_number"": ""00007979"", ""company"": ""SAWAED ALKHWAH CONT-ASSO"", ""company_type"": ""SME"", ""purchase_date"": ""21-02-2026 17:14""}, {""reg_number"": ""00003054"", ""company"": ""ALLOUS TRADING AND CONTRACTING"", ""company_type"": ""SME"", ""purchase_date"": ""21-02-2026 21:05""}, {""reg_number"": ""00001196"", ""company"": ""ALHOOR INTERNATIONAL EST"", ""company_type"": ""Local"", ""purchase_date"": ""23-02-2026 16:49""}, {""reg_number"": ""00001936"", ""company"": ""ARDH AL ARAB TRAD AND CONT"", ""company_type"": ""SME"", ""purchase_date"": ""26-02-2026 13:10""}, {""reg_number"": ""00001087"", ""company"": ""AXIS ENGINEERING"", ""company_type"": ""Local"", ""purchase_date"": ""01-03-2026 12:02""}, {""reg_number"": ""00009113"", ""company"": ""Al-Awafi leading company"", ""company_type"": ""SME"", ""purchase_date"": ""03-03-2026 00:09""}]",{},"2026-05-02 01:37:26","2026-05-02 01:37:26"
80,179/2026/MAFWR/DGAWRM-3,"Maintenance Horse stables fo.....","Ministry of Agricultural, Fisheries Wealth and Water Resourc","Construction and Maintenance [Fourth]",,"","[{""company"": ""ABU AL MUHALB AL HATMI"", ""offer_type"": ""Main"", ""quoted_value"": ""14784.000"", ""status"": ""Financial Bid Opened""}, {""company"": ""ALSHAMSI BUSINESS"", ""offer_type"": ""Main"", ""quoted_value"": ""9124.500"", ""status"": ""Financial Bid Opened""}, {""company"": ""SHAA ALWSHAHTRAANDDCONT"", ""offer_type"": ""Main"", ""quoted_value"": ""14714.700"", ""status"": ""Financial Bid Opened""}, {""company"": ""ALBARAKAH INTERNATIONAL COMPREHENSIVE"", ""offer_type"": ""Main"", ""quoted_value"": ""13090.000"", ""status"": ""Financial Bid Opened""}, {""company"": ""THE PRIDE OF THE DISTINGUISHED HOUSE"", ""offer_type"": ""Main"", ""quoted_value"": ""11935.046"", ""status"": ""Financial Bid Opened""}, {""company"": ""AL LLAMSAT  ALZZAHIA  ALHADITHA  TRAD"", ""offer_type"": ""Main"", ""quoted_value"": ""7667.000"", ""status"": ""Financial Bid Opened""}, {""company"": ""TARIQ ALALAWI INTERNATIONAL PROJECTS"", ""offer_type"": ""Main"", ""quoted_value"": ""9658.000"", ""status"": ""Financial Bid Opened""}, {""company"": ""AL WALEED ALRSHIDI TRRD"", ""offer_type"": ""Main"", ""quoted_value"": ""11014.300"", ""status"": ""Financial Bid Opened""}, {""company"": ""CONSTRUCTION TRADING AND CONTRACTING"", ""offer_type"": ""Main"", ""quoted_value"": ""7764.900"", ""status"": ""Financial Bid Opened""}, {""company"": ""NEW HILINE TRAD AND CONT"", ""offer_type"": ""Main"", ""quoted_value"": ""6029.100"", ""status"": ""Financial Bid Opened""}, {""company"": ""ALTANWEERALASRYAA"", ""offer_type"": ""Main"", ""quoted_value"": ""7568.000"", ""status"": ""Financial Bid Opened""}, {""company"": ""GROOB HIJ"", ""offer_type"": ""Main"", ""quoted_value"": ""11631.400"", ""status"": ""Financial Bid Opened""}, {""company"": ""ALMOUJ ENGINEERING AND INVESTMENT"", ""offer_type"": ""Main"", ""quoted_value"": ""9302.403"", ""status"": ""Financial Bid Opened""}]",[],{},"2026-05-02 01:37:26","2026-05-02 01:37:26"
81,"424/2026/MOH/PRC-7- Recall - 1","Maintenance Works at MOH Bui.....","Ministry of Health","Construction and Maintenance [Third]",,"","[{""company"": ""ABAQ ALGHAIL TRADING"", ""offer_type"": ""Main"", ""quoted_value"": ""2580.000"", ""status"": ""Financial Bid Opened""}, {""company"": ""ALTANMIA FOR PROJECTS"", ""offer_type"": ""Main"", ""quoted_value"": ""2545.750"", ""status"": ""Financial Bid Opened""}]",[],{},"2026-05-02 01:37:26","2026-05-02 01:37:26"
82,189/2026/MAFWR/DGAWRDH-9,"Maintenance of air condition.....","Ministry of Agricultural, Fisheries Wealth and Water Resourc","Electromechanical and Telecommunications Contracting and Mai",,"","[{""company"": ""H M E TRAD CONT"", ""offer_type"": ""Main"", ""quoted_value"": ""3150.000"", ""status"": ""Financial Bid Opened""}, {""company"": ""JIBAL AL DHAHIRA FOR BUSINESS"", ""offer_type"": ""Main"", ""quoted_value"": ""4788.000"", ""status"": ""Financial Bid Opened""}, {""company"": ""QAWAFIL ALBATINA MODREN"", ""offer_type"": ""Main"", ""quoted_value"": ""1260.000"", ""status"": ""Financial Bid Opened""}, {""company"": ""ANWAR ALYARMOOK TRADENT"", ""offer_type"": ""Main"", ""quoted_value"": ""1814.400"", ""status"": ""Financial Bid Opened""}]",[],{},"2026-05-02 01:37:26","2026-05-02 01:37:26"
83,11/2026/MHUP/HQ-3,"Sultan Haitham City, Phase-0.....","Ministry of Housing and Urban Planning","Construction and Maintenance [Excellent,First]",,"","[{""company"": ""AGRICULTURE MODERN ENGINEERING"", ""offer_type"": ""Main"", ""quoted_value"": ""3924901.943"", ""status"": ""Financial Bid Opened""}, {""company"": ""GENERAL DEVELOPMENT SERVICES"", ""offer_type"": ""Main"", ""quoted_value"": ""3851377.323"", ""status"": ""Financial Bid Opened""}, {""company"": ""DIMAH AL RAEDAH TRADING LLC"", ""offer_type"": ""Main"", ""quoted_value"": ""4951865.617"", ""status"": ""Financial Bid Opened""}, {""company"": ""SAROOH GULF ALARABIA SONTSO"", ""offer_type"": ""Main"", ""quoted_value"": ""5017397.825"", ""status"": ""Financial Bid Opened""}]","[{""reg_number"": ""00003247"", ""company"": ""AGRICULTURE MODERN ENGINEERING"", ""company_type"": ""Local"", ""purchase_date"": ""21-01-2026 17:11""}, {""reg_number"": ""00000968"", ""company"": ""GENERAL DEVELOPMENT SERVICES"", ""company_type"": ""Local"", ""purchase_date"": ""22-01-2026 10:50""}, {""reg_number"": ""00003112"", ""company"": ""AL TASNIM ENTERPRISES"", ""company_type"": ""Local"", ""purchase_date"": ""22-01-2026 16:12""}, {""reg_number"": ""00001641"", ""company"": ""UNIVERSAL LALBUKSH ENGINEERING SERVICES and TRADING"", ""company_type"": ""Local"", ""purchase_date"": ""26-01-2026 12:56""}, {""reg_number"": ""00003165"", ""company"": ""SAROOH GULF ALARABIA SONTSO"", ""company_type"": ""Local"", ""purchase_date"": ""16-02-2026 11:44""}, {""reg_number"": ""00006280"", ""company"": ""DIMAH AL RAEDAH TRADING LLC"", ""company_type"": ""SME"", ""purchase_date"": ""11-03-2026 16:31""}]",{},"2026-05-02 01:37:26","2026-05-02 01:37:26"
84,"276/2024/MHT/HQ-69 - Recall - 3","Provision of Materials and L.....","Ministry of Heritage and Tourism","Construction and Maintenance [First,Second]",,"","[{""company"": ""OMANI SERVICES EST"", ""offer_type"": ""Main"", ""quoted_value"": ""45421.850"", ""status"": ""Financial Bid Opened""}, {""company"": ""SILVER MODEL TRADING"", ""offer_type"": ""Main"", ""quoted_value"": ""216234.500"", ""status"": ""Financial Bid Opened""}, {""company"": ""ALWAFA TRADING"", ""offer_type"": ""Main"", ""quoted_value"": ""117635.000"", ""status"": ""Financial Bid Opened""}]","[{""reg_number"": ""00004612"", ""company"": ""Al-Mansab Trading and Contracting"", ""company_type"": ""SME"", ""purchase_date"": ""18-12-2025 20:43""}, {""reg_number"": ""00001404"", ""company"": ""OMANI SERVICES EST"", ""company_type"": ""Local"", ""purchase_date"": ""21-12-2025 12:46""}, {""reg_number"": ""00006037"", ""company"": ""ALWAFA TRADING"", ""company_type"": ""Local"", ""purchase_date"": ""25-12-2025 17:40""}, {""reg_number"": ""00002465"", ""company"": ""SILVER MODEL TRADING"", ""company_type"": ""SME"", ""purchase_date"": ""28-12-2025 11:29""}]",{},"2026-05-02 01:37:26","2026-05-02 01:37:26"
85,"11/2026/AFDF/HQ-8 - Recall - 1","Establishment of Concrete Po.....","Agriculture and Fisheries Development Fund","Construction and Maintenance [Fourth]",,"","[{""company"": ""AL TAYAMUN UNITED SERVICE AND TRADING"", ""offer_type"": ""Main"", ""quoted_value"": ""16090.000"", ""status"": ""Financial Bid Opened""}, {""company"": ""LEADING CIRCLES PROJECTS"", ""offer_type"": ""Main"", ""quoted_value"": ""33260.000"", ""status"": ""Financial Bid Opened""}, {""company"": ""SHUMUKH AL MAAWIL TRADING"", ""offer_type"": ""Main"", ""quoted_value"": ""15845.000"", ""status"": ""Financial Bid Opened""}, {""company"": ""AL-RUKAINI FOR BUSINESS AND DEVELOPMENT"", ""offer_type"": ""Main"", ""quoted_value"": ""13800.000"", ""status"": ""Financial Bid Opened""}, {""company"": ""SHAA ALWSHAHTRAANDDCONT"", ""offer_type"": ""Main"", ""quoted_value"": ""34770.000"", ""status"": ""Financial Bid Opened""}, {""company"": ""AL JBRI INVESTMENT AND CONSTRUCTION"", ""offer_type"": ""Main"", ""quoted_value"": ""22900.000"", ""status"": ""Financial Bid Opened""}, {""company"": ""ALTANMIA FOR BUSINESS"", ""offer_type"": ""Main"", ""quoted_value"": ""26940.000"", ""status"": ""Financial Bid Opened""}, {""company"": ""ABN JUMA AL-FAHDI TR"", ""offer_type"": ""Main"", ""quoted_value"": ""35577.675"", ""status"": ""Financial Bid Opened""}, {""company"": ""GRO TECH"", ""offer_type"": ""Alternate1"", ""quoted_value"": ""27780.000"", ""status"": ""Financial Bid Opened""}, {""company"": ""GRO TECH"", ""offer_type"": ""Main"", ""quoted_value"": ""30480.000"", ""status"": ""Financial Bid Opened""}, {""company"": ""MAWARID ENGINEERING AND INVESTMENT LLC"", ""offer_type"": ""Main"", ""quoted_value"": ""15768.900"", ""status"": ""Financial Bid Opened""}, {""company"": ""GULF NATIONAL WAYS"", ""offer_type"": ""Main"", ""quoted_value"": ""25013.810"", ""status"": ""Financial Bid Opened""}, {""company"": ""FAYAFI SAWQARA"", ""offer_type"": ""Main"", ""quoted_value"": ""35900.000"", ""status"": ""Financial Bid Opened""}, {""company"": ""COMPANY HEIGHT ALJAFNEEN TRADING AND CONT"", ""offer_type"": ""Main"", ""quoted_value"": ""8597.260"", ""status"": ""Financial Bid Opened""}, {""company"": ""ABU AL MUHALB AL HATMI"", ""offer_type"": ""Main"", ""quoted_value"": ""52000.000"", ""status"": ""Financial Bid Opened""}, {""company"": ""ABU HANAN AL MAHROOQI TRAD CONT ENT"", ""offer_type"": ""Main"", ""quoted_value"": ""19300.000"", ""status"": ""Financial Bid Opened""}]",[],{},"2026-05-02 01:37:26","2026-05-02 01:37:26"
86,8/2026/ASYAD,"Utility Connections, Structu.....",ASYAD,"Construction and Maintenance [Excellent,First,Second,Third,F",,"","[{""company"": ""NAFAL CONTRACTING AND TRADING CO LLC"", ""offer_type"": ""Main"", ""quoted_value"": ""Financial Bid Opened"", ""status"": """"}, {""company"": ""MUNA NOOR ENGINEERING AND CONTRACTING LLC"", ""offer_type"": ""Main"", ""quoted_value"": ""Financial Bid Opened"", ""status"": """"}, {""company"": ""MUSCAT CONSTRUCTION OIL AND GAS"", ""offer_type"": ""Main"", ""quoted_value"": ""Financial Bid Opened"", ""status"": """"}, {""company"": ""AL-HADDAD TRADING & CONT CO"", ""offer_type"": ""Main"", ""quoted_value"": ""Technical Bid Opened"", ""status"": """"}, {""company"": ""DANT ALSHMAL ALMASYT"", ""offer_type"": ""Main"", ""quoted_value"": ""Technical Bid Opened"", ""status"": """"}]","[{""reg_number"": ""00000134"", ""company"": ""WAHAT AL JZZI FOR TRADING"", ""company_type"": ""Local"", ""purchase_date"": ""04-02-2026 14:29""}, {""reg_number"": ""00000511"", ""company"": ""ALANSARI ENGINEERING SERVICES"", ""company_type"": ""Local"", ""purchase_date"": ""05-02-2026 17:24""}, {""reg_number"": ""00002334"", ""company"": ""AL-HADDAD TRADING & CONT CO"", ""company_type"": ""SME"", ""purchase_date"": ""08-02-2026 11:24""}, {""reg_number"": ""00001524"", ""company"": ""MUNA NOOR ENGINEERING AND CONTRACTING LLC"", ""company_type"": ""Local"", ""purchase_date"": ""10-02-2026 10:32""}, {""reg_number"": ""00014140"", ""company"": ""MUSCAT CONSTRUCTION OIL AND GAS"", ""company_type"": ""Local"", ""purchase_date"": ""10-02-2026 21:56""}, {""reg_number"": ""00008055"", ""company"": ""DANT ALSHMAL ALMASYT"", ""company_type"": ""SME"", ""purchase_date"": ""10-02-2026 22:44""}, {""reg_number"": ""00009614"", ""company"": ""ALTEBYAN GLOBAL LLC"", ""company_type"": ""SME"", ""purchase_date"": ""12-02-2026 17:04""}, {""reg_number"": ""00006372"", ""company"": ""NUMA NATIONAL FOR TRADEAND AND CONTRACTING"", ""company_type"": ""Local"", ""purchase_date"": ""13-02-2026 22:06""}, {""reg_number"": ""00000665"", ""company"": ""NAFAL CONTRACTING AND TRADING CO LLC"", ""company_type"": ""Local"", ""purchase_date"": ""15-02-2026 11:01""}]",{},"2026-05-02 01:37:26","2026-05-02 01:37:26"
87,"722/2025/MAFWR/HQ-84 - Recall - 1","Rehabilitation and Improveme.....","Ministry of Agricultural, Fisheries Wealth and Water Resourc","Construction and Maintenance [Third,Fourth]",,"","[{""company"": ""ABDULALZIZ ALDHYB ALSHAHOOMI TRADING"", ""offer_type"": ""Main"", ""quoted_value"": ""147945.000"", ""status"": ""Financial Bid Opened""}, {""company"": ""SAHOOLALABIATRADING"", ""offer_type"": ""Main"", ""quoted_value"": ""104170.000"", ""status"": ""Financial Bid Opened""}, {""company"": ""KHAMIS HAMAD ABDULLAH AL MUSHARFI TRAD"", ""offer_type"": ""Main"", ""quoted_value"": ""171045.000"", ""status"": ""Financial Bid Opened""}, {""company"": ""CLEAR THREAD COMPREHENSIVE TRADING EST"", ""offer_type"": ""Main"", ""quoted_value"": ""28182.000"", ""status"": ""Financial Bid Opened""}, {""company"": ""ALTANMIA FOR PROJECTS"", ""offer_type"": ""Main"", ""quoted_value"": ""12675.000"", ""status"": ""Financial Bid Opened""}, {""company"": ""SHUMUKH AL MAAWIL TRADING"", ""offer_type"": ""Main"", ""quoted_value"": ""149990.000"", ""status"": ""Financial Bid Opened""}]","[{""reg_number"": ""00007186"", ""company"": ""SAHOOLALABIATRADING"", ""company_type"": ""SME"", ""purchase_date"": ""30-03-2026 18:51""}, {""reg_number"": ""00006501"", ""company"": ""ANWAR ALYARMOOK TRADENT"", ""company_type"": ""SME"", ""purchase_date"": ""30-03-2026 19:32""}, {""reg_number"": ""00007878"", ""company"": ""MAJELATRADINGCO"", ""company_type"": ""SME"", ""purchase_date"": ""31-03-2026 23:06""}, {""reg_number"": ""00006366"", ""company"": ""AINAALQATER"", ""company_type"": ""SME"", ""purchase_date"": ""01-04-2026 13:59""}, {""reg_number"": ""00016684"", ""company"": ""SHUMUKH AL MAAWIL TRADING"", ""company_type"": ""Local"", ""purchase_date"": ""01-04-2026 20:23""}, {""reg_number"": ""00003761"", ""company"": ""ALBADIYA SCIENCE TRAD AND CONTRACT"", ""company_type"": ""SME"", ""purchase_date"": ""02-04-2026 09:10""}, {""reg_number"": ""00010525"", ""company"": ""SHATI FAIHA TRID"", ""company_type"": ""SME"", ""purchase_date"": ""02-04-2026 20:05""}, {""reg_number"": ""00009586"", ""company"": ""NWAHEL AL KHAIR TRADING"", ""company_type"": ""SME"", ""purchase_date"": ""05-04-2026 18:13""}, {""reg_number"": ""00015353"", ""company"": ""ABDULALZIZ ALDHYB ALSHAHOOMI TRADING"", ""company_type"": ""SME"", ""purchase_date"": ""05-04-2026 21:41""}, {""reg_number"": ""00007353"", ""company"": ""AL MUZAHMI MODERN TRADING"", ""company_type"": ""SME"", ""purchase_date"": ""06-04-2026 22:39""}, {""reg_number"": ""00009722"", ""company"": ""ALTANMIA FOR PROJECTS"", ""company_type"": ""SME"", ""purchase_date"": ""07-04-2026 16:42""}, {""reg_number"": ""00000825"", ""company"": ""KHAMIS HAMAD ABDULLAH AL MUSHARFI TRAD"", ""company_type"": ""SME"", ""purchase_date"": ""07-04-2026 20:51""}, {""reg_number"": ""00017087"", ""company"": ""NADA AL REIF AL ASRIA ENT"", ""company_type"": ""SME"", ""purchase_date"": ""08-04-2026 22:07""}, {""reg_number"": ""00007041"", ""company"": ""ALMJD AL\u02bfALMYT LRYADT ALA\u02bfMAL"", ""company_type"": ""SME"", ""purchase_date"": ""08-04-2026 23:00""}, {""reg_number"": ""00013076"", ""company"": ""CLEAR THREAD COMPREHENSIVE TRADING EST"", ""company_type"": ""SME"", ""purchase_date"": ""09-04-2026 06:58""}]",{},"2026-05-02 01:37:26","2026-05-02 01:37:26"
88,"818/2025/MAFWR/HQ-92 - Recall - 1","Rehabilitation and Maintenan.....","Ministry of Agricultural, Fisheries Wealth and Water Resourc","Construction and Maintenance [Fourth]",,"","[{""company"": ""AL ERSAA EMAAR"", ""offer_type"": ""Main"", ""quoted_value"": """", ""status"": ""Financial Bid Opened""}, {""company"": ""SHAA ALWSHAHTRAANDDCONT"", ""offer_type"": ""Main"", ""quoted_value"": """", ""status"": ""Financial Bid Opened""}, {""company"": ""JABAL AL NOOR PROJECTS & SERVICES"", ""offer_type"": ""Main"", ""quoted_value"": """", ""status"": ""Financial Bid Opened""}, {""company"": ""SHUMUKH AL MAAWIL TRADING"", ""offer_type"": ""Main"", ""quoted_value"": """", ""status"": ""Financial Bid Opened""}, {""company"": ""THE PRIDE OF THE DISTINGUISHED HOUSE"", ""offer_type"": ""Main"", ""quoted_value"": """", ""status"": ""Financial Bid Opened""}, {""company"": ""NEW HILINE TRAD AND CONT"", ""offer_type"": ""Main"", ""quoted_value"": """", ""status"": ""Financial Bid Opened""}, {""company"": ""ALBARAKAH INTERNATIONAL COMPREHENSIVE"", ""offer_type"": ""Main"", ""quoted_value"": """", ""status"": ""Financial Bid Opened""}, {""company"": ""ALSAFA NEW ENTERPRISES"", ""offer_type"": ""Main"", ""quoted_value"": """", ""status"": ""Financial Bid Opened""}]","[{""reg_number"": ""00003873"", ""company"": ""NEW HILINE TRAD AND CONT"", ""company_type"": ""SME"", ""purchase_date"": ""29-03-2026 19:30""}, {""reg_number"": ""00017458"", ""company"": ""MARSA AL NAJAH INTERNATIONAL INVESTMENT CO"", ""company_type"": ""SME"", ""purchase_date"": ""29-03-2026 19:46""}, {""reg_number"": ""00012010"", ""company"": ""Jabal Al Noor Projects & services"", ""company_type"": ""SME"", ""purchase_date"": ""30-03-2026 17:44""}, {""reg_number"": ""00008286"", ""company"": ""AL ERSAA EMAAR"", ""company_type"": ""SME"", ""purchase_date"": ""31-03-2026 19:52""}, {""reg_number"": ""00005263"", ""company"": ""COMPANY HEIGHT ALJAFNEEN TRADING AND CONT"", ""company_type"": ""SME"", ""purchase_date"": ""01-04-2026 12:08""}, {""reg_number"": ""00009413"", ""company"": ""SHAA ALWSHAHTRAANDDCONT"", ""company_type"": ""SME"", ""purchase_date"": ""02-04-2026 10:13""}, {""reg_number"": ""00016684"", ""company"": ""SHUMUKH AL MAAWIL TRADING"", ""company_type"": ""Local"", ""purchase_date"": ""03-04-2026 16:19""}, {""reg_number"": ""00008851"", ""company"": ""THE PRIDE OF THE DISTINGUISHED HOUSE"", ""company_type"": ""SME"", ""purchase_date"": ""05-04-2026 10:21""}, {""reg_number"": ""00009586"", ""company"": ""NWAHEL AL KHAIR TRADING"", ""company_type"": ""SME"", ""purchase_date"": ""05-04-2026 17:59""}, {""reg_number"": ""00010378"", ""company"": ""ALBarakah International Comprehensive"", ""company_type"": ""SME"", ""purchase_date"": ""08-04-2026 01:15""}, {""reg_number"": ""00003919"", ""company"": ""ALSAFA NEW ENTERPRISES"", ""company_type"": ""SME"", ""purchase_date"": ""08-04-2026 10:03""}]",{},"2026-05-02 01:37:26","2026-05-02 01:37:26"
89,8/2026/RAM/HQ-5,"Design and implementation of.....","Royal Academy of Management","Construction and Maintenance [Third,Fourth]",,"","[{""company"": ""EXCELLENCE BUSINESS AND SERVICES"", ""offer_type"": ""Main"", ""quoted_value"": ""84075.000"", ""status"": ""Financial Bid Opened""}, {""company"": ""EJAZ INTERNATIONAL"", ""offer_type"": ""Main"", ""quoted_value"": ""52300.000"", ""status"": ""Financial Bid Opened""}, {""company"": ""UNITEDARABEMIRATES"", ""offer_type"": ""Main"", ""quoted_value"": ""95000.000"", ""status"": ""Financial Bid Opened""}]","[{""reg_number"": ""00012594"", ""company"": ""Excellence business and services"", ""company_type"": ""SME"", ""purchase_date"": ""09-03-2026 00:59""}, {""reg_number"": ""00017271"", ""company"": ""Al-Rada Heights Al-Mumayezah Trading and Contracting"", ""company_type"": ""Local"", ""purchase_date"": ""09-03-2026 12:22""}, {""reg_number"": ""00009080"", ""company"": ""Abstract"", ""company_type"": ""SME"", ""purchase_date"": ""09-03-2026 12:48""}, {""reg_number"": ""00008115"", ""company"": ""souad ALmajed business projects"", ""company_type"": ""SME"", ""purchase_date"": ""09-03-2026 22:40""}, {""reg_number"": ""00007916"", ""company"": ""Modern buildings Construction"", ""company_type"": ""SME"", ""purchase_date"": ""10-03-2026 11:14""}, {""reg_number"": ""00014979"", ""company"": ""EJAZ INTERNATIONAL"", ""company_type"": ""Local"", ""purchase_date"": ""11-03-2026 07:55""}, {""reg_number"": ""00004198"", ""company"": ""ARTAL SERVICES FIRM"", ""company_type"": ""SME"", ""purchase_date"": ""11-03-2026 12:19""}, {""reg_number"": ""00005813"", ""company"": ""UNITEDARABEMIRATES"", ""company_type"": ""SME"", ""purchase_date"": ""18-03-2026 14:24""}]",{},"2026-05-02 01:37:26","2026-05-02 01:37:26"
90,315/2026/UTAS/UTASM-15,"Supply and Installation of C.....","University Of Technology And Applied Sciences","Construction and Maintenance [Third,Fourth]",,"","[{""company"": ""SHUMUKH AL MAAWIL TRADING"", ""offer_type"": ""Main"", ""quoted_value"": ""1898.900"", ""status"": ""Financial Bid Opened""}, {""company"": ""SHAA ALWSHAHTRAANDDCONT"", ""offer_type"": ""Main"", ""quoted_value"": ""2900.000"", ""status"": ""Financial Bid Opened""}, {""company"": ""FAYAFI SAWQARA"", ""offer_type"": ""Main"", ""quoted_value"": ""6900.000"", ""status"": ""Financial Bid Opened""}, {""company"": ""INTEGRATED TRUST FOR BUSINESS SPC"", ""offer_type"": ""Main"", ""quoted_value"": ""3980.000"", ""status"": ""Financial Bid Opened""}, {""company"": ""AL WALEED ALRSHIDI TRRD"", ""offer_type"": ""Main"", ""quoted_value"": ""9984.000"", ""status"": ""Financial Bid Opened""}, {""company"": ""RAWNAQ SWAIDA ALMAA"", ""offer_type"": ""Main"", ""quoted_value"": ""1995.000"", ""status"": ""Financial Bid Opened""}, {""company"": ""AL LLAMSAT  ALZZAHIA  ALHADITHA  TRAD"", ""offer_type"": ""Main"", ""quoted_value"": ""3300.000"", ""status"": ""Financial Bid Opened""}, {""company"": ""EXCELLENT SHINING STARS"", ""offer_type"": ""Main"", ""quoted_value"": ""1900.000"", ""status"": ""Financial Bid Opened""}, {""company"": ""ASFAHAN TRADING"", ""offer_type"": ""Main"", ""quoted_value"": ""4200.000"", ""status"": ""Financial Bid Opened""}]",[],{},"2026-05-02 01:37:26","2026-05-02 01:37:26"
91,"851/2026/MOH/DGHSSB-2- Recall - 1","construction of condemn stor.....","Ministry of Health","Construction and Maintenance [Fourth]",,"","[{""company"": ""SHAA ALWSHAHTRAANDDCONT"", ""offer_type"": ""Main"", ""quoted_value"": ""28814.000"", ""status"": ""Financial Bid Opened""}, {""company"": ""MANADHIR ANDAM AL MUTAMYZA FOR TRAD & CONT"", ""offer_type"": ""Main"", ""quoted_value"": ""29565.900"", ""status"": ""Financial Bid Opened""}, {""company"": ""MARVEL PERFECT"", ""offer_type"": ""Main"", ""quoted_value"": ""75462.000"", ""status"": ""Financial Bid Opened""}, {""company"": ""MAWARED ALQUITH TRADING"", ""offer_type"": ""Main"", ""quoted_value"": ""19591.000"", ""status"": ""Financial Bid Opened""}, {""company"": ""AZME ALRUSTAQ"", ""offer_type"": ""Main"", ""quoted_value"": ""17850.000"", ""status"": ""Financial Bid Opened""}, {""company"": ""COMPANY HEIGHT ALJAFNEEN TRADING AND CONT"", ""offer_type"": ""Main"", ""quoted_value"": ""19544.150"", ""status"": ""Financial Bid Opened""}, {""company"": ""ABU AL MUHALB AL HATMI"", ""offer_type"": ""Main"", ""quoted_value"": ""46000.000"", ""status"": ""Financial Bid Opened""}, {""company"": ""TARMEEM SERVICES INTEGRATED"", ""offer_type"": ""Main"", ""quoted_value"": ""24440.377"", ""status"": ""Financial Bid Opened""}, {""company"": ""WODDN GATE FOR TRADE AND CONTRACT"", ""offer_type"": ""Main"", ""quoted_value"": ""26480.000"", ""status"": ""Financial Bid Opened""}, {""company"": ""ALBARAKAH INTERNATIONAL COMPREHENSIVE"", ""offer_type"": ""Main"", ""quoted_value"": ""49936.000"", ""status"": ""Financial Bid Opened""}, {""company"": ""ALBARKA ENIGINEERING WORKSHOPLLC"", ""offer_type"": ""Main"", ""quoted_value"": ""21537.000"", ""status"": ""Financial Bid Opened""}, {""company"": ""AL ATBAL TRADING"", ""offer_type"": ""Main"", ""quoted_value"": ""24940.000"", ""status"": ""Financial Bid Opened""}, {""company"": ""EXCELLENT SHINING STARS"", ""offer_type"": ""Main"", ""quoted_value"": ""30870.000"", ""status"": ""Financial Bid Opened""}]","[{""reg_number"": ""00008319"", ""company"": ""MARVEL PERFECT"", ""company_type"": ""SME"", ""purchase_date"": ""04-03-2026 12:32""}, {""reg_number"": ""00010229"", ""company"": ""SROOH DEVELOPMENT"", ""company_type"": ""Local"", ""purchase_date"": ""04-03-2026 12:38""}, {""reg_number"": ""00010454"", ""company"": ""MASHARAF SAMAIL CONSTRCTION"", ""company_type"": ""SME"", ""purchase_date"": ""04-03-2026 12:42""}, {""reg_number"": ""00016310"", ""company"": ""The Rock for Engineering and Administrative Services"", ""company_type"": ""SME"", ""purchase_date"": ""04-03-2026 13:15""}, {""reg_number"": ""00002579"", ""company"": ""STEEL LINE INTEGRATED PROJECTS  LLC"", ""company_type"": ""SME"", ""purchase_date"": ""04-03-2026 13:47""}, {""reg_number"": ""00013628"", ""company"": ""ABU HANAN AL MAHROOQI TRAD CONT ENT"", ""company_type"": ""SME"", ""purchase_date"": ""04-03-2026 14:55""}, {""reg_number"": ""00013581"", ""company"": ""DHRA AL IBDA CONSTRUCTION DEVELOPMENT"", ""company_type"": ""SME"", ""purchase_date"": ""04-03-2026 15:27""}, {""reg_number"": ""00009413"", ""company"": ""SHAA ALWSHAHTRAANDDCONT"", ""company_type"": ""SME"", ""purchase_date"": ""04-03-2026 16:22""}, {""reg_number"": ""00004597"", ""company"": ""ABU AL MUHALB AL HATMI"", ""company_type"": ""SME"", ""purchase_date"": ""04-03-2026 17:39""}, {""reg_number"": ""00000163"", ""company"": ""WODDN GATE FOR TRADE AND CONTRACT"", ""company_type"": ""SME"", ""purchase_date"": ""04-03-2026 20:35""}, {""reg_number"": ""00010288"", ""company"": ""Basmt al-ard trad and cont"", ""company_type"": ""SME"", ""purchase_date"": ""04-03-2026 21:23""}, {""reg_number"": ""00009586"", ""company"": ""NWAHEL AL KHAIR TRADING"", ""company_type"": ""SME"", ""purchase_date"": ""04-03-2026 22:27""}, {""reg_number"": ""00009581"", ""company"": ""AZME ALRUSTAQ"", ""company_type"": ""SME"", ""purchase_date"": ""05-03-2026 08:42""}, {""reg_number"": ""00005263"", ""company"": ""COMPANY HEIGHT ALJAFNEEN TRADING AND CONT"", ""company_type"": ""SME"", ""purchase_date"": ""05-03-2026 08:44""}, {""reg_number"": ""00014539"", ""company"": ""TARMEEM SERVICES INTEGRATED"", ""company_type"": ""SME"", ""purchase_date"": ""05-03-2026 09:23""}, {""reg_number"": ""00012888"", ""company"": ""ABDULLAH AHMED ALAMRI TRAD EST"", ""company_type"": ""SME"", ""purchase_date"": ""05-03-2026 10:09""}, {""reg_number"": """", ""company"": ""AL ATBAL TRADING"", ""company_type"": ""SME"", ""purchase_date"": ""05-03-2026 10:19""}, {""reg_number"": ""00009364"", ""company"": ""MARAFI ALNAHDA FOR TRADING AND CONTRACTING"", ""company_type"": ""SME"", ""purchase_date"": ""05-03-2026 19:35""}, {""reg_number"": ""00008363"", ""company"": ""ALBARKA ENIGINEERING WORKSHOPLLC"", ""company_type"": ""SME"", ""purchase_date"": ""05-03-2026 20:24""}, {""reg_number"": ""00012055"", ""company"": ""SHARY ALSHRQYT"", ""company_type"": ""SME"", ""purchase_date"": ""05-03-2026 22:52""}, {""reg_number"": ""00014727"", ""company"": ""Nour Al-Yamani Trading Establishment"", ""company_type"": ""SME"", ""purchase_date"": ""07-03-2026 04:18""}, {""reg_number"": ""00006115"", ""company"": ""ALALAMA ALEATHA TRAD AND CONTACT"", ""company_type"": ""SME"", ""purchase_date"": ""07-03-2026 08:20""}, {""reg_number"": ""00002861"", ""company"": ""DAYAR ALMURTAFA TRD"", ""company_type"": ""SME"", ""purchase_date"": ""07-03-2026 09:32""}, {""reg_number"": ""00008272"", ""company"": ""ALKHATM SKY TRADING"", ""company_type"": ""SME"", ""purchase_date"": ""07-03-2026 14:06""}, {""reg_number"": ""00012015"", ""company"": ""QAWAFIL ALBATINA MODREN"", ""company_type"": ""SME"", ""purchase_date"": ""07-03-2026 20:53""}, {""reg_number"": ""00014218"", ""company"": ""Al-Rukaini for Business and Development"", ""company_type"": ""SME"", ""purchase_date"": ""07-03-2026 23:28""}, {""reg_number"": ""00002978"", ""company"": ""GOLDEN INTERIORS TRADING AND CONTRACTING"", ""company_type"": ""SME"", ""purchase_date"": ""08-03-2026 10:45""}, {""reg_number"": ""00002383"", ""company"": ""Bousher Group"", ""company_type"": ""SME"", ""purchase_date"": ""08-03-2026 11:54""}, {""reg_number"": ""00009744"", ""company"": ""Yanqul Construction & Engineering Services"", ""company_type"": ""SME"", ""purchase_date"": ""08-03-2026 16:59""}, {""reg_number"": ""00017103"", ""company"": ""Al Buraq Engeenring and Trading"", ""company_type"": ""SME"", ""purchase_date"": ""09-03-2026 01:39""}, {""reg_number"": ""00010378"", ""company"": ""ALBarakah International Comprehensive"", ""company_type"": ""SME"", ""purchase_date"": ""09-03-2026 02:03""}, {""reg_number"": ""00017215"", ""company"": ""Majid bin Saeed bin Salem Al-Roshdi Trading"", ""company_type"": ""SME"", ""purchase_date"": ""09-03-2026 03:18""}, {""reg_number"": ""00010067"", ""company"": ""Overall progress business"", ""company_type"": ""SME"", ""purchase_date"": ""10-03-2026 02:51""}, {""reg_number"": ""00014706"", ""company"": ""ALTANMIA FOR BUSINESS"", ""company_type"": ""SME"", ""purchase_date"": ""14-03-2026 02:31""}, {""reg_number"": ""00008862"", ""company"": ""MAWARED ALQUITH TRADING"", ""company_type"": ""SME"", ""purchase_date"": ""14-03-2026 12:52""}, {""reg_number"": ""00001553"", ""company"": ""ARBEEL ESTABLISHMENT"", ""company_type"": ""SME"", ""purchase_date"": ""14-03-2026 22:35""}, {""reg_number"": ""00006488"", ""company"": ""EAMAR ALSHAMAL ALALAMIYAH"", ""company_type"": ""SME"", ""purchase_date"": ""16-03-2026 14:24""}, {""reg_number"": ""00001309"", ""company"": ""EXCELLENT SHINING STARS"", ""company_type"": ""SME"", ""purchase_date"": ""16-03-2026 17:24""}, {""reg_number"": ""00009497"", ""company"": ""GROOB HIJ"", ""company_type"": ""SME"", ""purchase_date"": ""18-03-2026 19:14""}, {""reg_number"": ""00015961"", ""company"": ""Manadhir Andam Al mutamyza for Trad & Cont"", ""company_type"": ""SME"", ""purchase_date"": ""19-03-2026 13:07""}, {""reg_number"": ""00009226"", ""company"": ""Rawasi Al Majd Business and Contracting"", ""company_type"": ""SME"", ""purchase_date"": ""19-03-2026 21:55""}]",{},"2026-05-02 01:37:26","2026-05-02 01:37:26"
92,139/2026/UTAS/HQ-7,"Rehabilitation of the Electr.....","University Of Technology And Applied Sciences","Construction and Maintenance [Excellent,First]",,"","[{""company"": ""WESTERN UNITED BUSINESS LLC"", ""offer_type"": ""Main"", ""quoted_value"": ""720205.530"", ""status"": ""Financial Bid Opened""}, {""company"": ""AL AQTAAB TRADING AND CONT"", ""offer_type"": ""Main"", ""quoted_value"": ""675061.585"", ""status"": ""Financial Bid Opened""}, {""company"": ""AL RAWDHA WORLD CENTER TRADING AND CONTRACTING LLC"", ""offer_type"": ""Main"", ""quoted_value"": ""388526.933"", ""status"": ""Financial Bid Opened""}, {""company"": ""SAROOH GULF ALARABIA SONTSO"", ""offer_type"": ""Main"", ""quoted_value"": ""692619.400"", ""status"": ""Financial Bid Opened""}, {""company"": ""SALFIE TREDING"", ""offer_type"": ""Main"", ""quoted_value"": ""496343.100"", ""status"": ""Financial Bid Opened""}, {""company"": ""SAI TRADING AND CONSTRCTING"", ""offer_type"": ""Main"", ""quoted_value"": ""1296316.585"", ""status"": ""Financial Bid Opened""}, {""company"": ""PRECISION SKILLS INTERNATIONAL"", ""offer_type"": ""Main"", ""quoted_value"": ""591172.890"", ""status"": ""Financial Bid Opened""}, {""company"": ""SMART VISION TECHNICAL SERVICES"", ""offer_type"": ""Main"", ""quoted_value"": ""825779.000"", ""status"": ""Financial Bid Opened""}, {""company"": ""MUSTAFA AHMAD SALMAN TRAD ENT"", ""offer_type"": ""Main"", ""quoted_value"": ""466769.410"", ""status"": ""Financial Bid Opened""}, {""company"": ""CARBON ENGINEERING CONSULTANCY"", ""offer_type"": ""Main"", ""quoted_value"": ""481830.820"", ""status"": ""Financial Bid Opened""}]","[{""reg_number"": ""00001873"", ""company"": ""ALI AMIN RAMADHAN TRADING CO LLC"", ""company_type"": ""Local"", ""purchase_date"": ""24-02-2026 13:05""}, {""reg_number"": ""00003484"", ""company"": ""SALFIE TREDING"", ""company_type"": ""SME"", ""purchase_date"": ""25-02-2026 08:37""}, {""reg_number"": ""00009558"", ""company"": ""carbon engineering consultancy"", ""company_type"": ""SME"", ""purchase_date"": ""25-02-2026 14:07""}, {""reg_number"": ""00003165"", ""company"": ""SAROOH GULF ALARABIA SONTSO"", ""company_type"": ""Local"", ""purchase_date"": ""25-02-2026 19:05""}, {""reg_number"": ""00001336"", ""company"": ""AL AQTAAB TRADING AND CONT"", ""company_type"": ""SME"", ""purchase_date"": ""01-03-2026 08:52""}, {""reg_number"": ""00001751"", ""company"": ""WESTERN UNITED BUSINESS LLC"", ""company_type"": ""SME"", ""purchase_date"": ""02-03-2026 14:33""}, {""reg_number"": ""00002247"", ""company"": ""AIRMECH OMAN LLC"", ""company_type"": ""Local"", ""purchase_date"": ""02-03-2026 19:11""}, {""reg_number"": ""00003269"", ""company"": ""AL RAWDHA WORLD CENTER TRADING AND CONTRACTING LLC"", ""company_type"": ""Local"", ""purchase_date"": ""04-03-2026 08:29""}, {""reg_number"": ""00002152"", ""company"": ""ALYAM ENTERPRISES LLC"", ""company_type"": ""Local"", ""purchase_date"": ""04-03-2026 14:52""}, {""reg_number"": ""00012693"", ""company"": ""MUSTAFA AHMAD SALMAN TRAD ENT"", ""company_type"": ""SME"", ""purchase_date"": ""05-03-2026 13:47""}, {""reg_number"": ""00006780"", ""company"": ""SAI TRADING AND CONSTRCTING"", ""company_type"": ""SME"", ""purchase_date"": ""07-03-2026 15:21""}, {""reg_number"": ""00000540"", ""company"": ""ALNAMA ENGINEERING SERVICES AND TRADING LLC"", ""company_type"": ""Local"", ""purchase_date"": ""08-03-2026 11:55""}, {""reg_number"": ""00006203"", ""company"": ""PRECISION SKILLS INTERNATIONAL"", ""company_type"": ""Local"", ""purchase_date"": ""08-03-2026 12:10""}, {""reg_number"": ""00000078"", ""company"": ""SMART VISION TECHNICAL SERVICES"", ""company_type"": ""Local"", ""purchase_date"": ""09-03-2026 12:19""}, {""reg_number"": ""00003828"", ""company"": ""GULF EMAAR EXCELLENCE"", ""company_type"": ""SME"", ""purchase_date"": ""09-03-2026 15:26""}, {""reg_number"": ""00003172"", ""company"": ""ALJAHFALI TRADING AND CONTRACTING EST"", ""company_type"": ""SME"", ""purchase_date"": ""10-03-2026 14:08""}, {""reg_number"": ""00010465"", ""company"": ""AL RAWABI AL ZAHIYA INTERNATIONAL TRAD AND CONT LLC"", ""company_type"": ""Local"", ""purchase_date"": ""10-03-2026 17:16""}]",{},"2026-05-02 01:37:26","2026-05-02 01:37:26"
93,55/2026/SMES/GDAFA-26,"Supply and installation of p.....","Small and Medium Enterprises Development Authority","Construction and Maintenance [Third,Fourth]",,"","[{""company"": ""SHRKT ABTSAMT ALFDYT LLTJART"", ""offer_type"": ""Main"", ""quoted_value"": ""8068.000"", ""status"": ""Financial Bid Opened""}, {""company"": ""TARMEEM SERVICES INTEGRATED"", ""offer_type"": ""Main"", ""quoted_value"": ""10678.500"", ""status"": ""Financial Bid Opened""}, {""company"": ""ALBARAKAH INTERNATIONAL COMPREHENSIVE"", ""offer_type"": ""Main"", ""quoted_value"": ""8016.000"", ""status"": ""Financial Bid Opened""}, {""company"": ""SAMAA ALKHALIJ ALDUWLIAT LILTIJARAT WALMUQAWALAT"", ""offer_type"": ""Main"", ""quoted_value"": ""4120.000"", ""status"": ""Financial Bid Opened""}, {""company"": ""ALARKAN ALARABI"", ""offer_type"": ""Main"", ""quoted_value"": ""5620.000"", ""status"": ""Financial Bid Opened""}, {""company"": ""NATIONAL INSTALLATIONS CONT"", ""offer_type"": ""Main"", ""quoted_value"": ""5122.000"", ""status"": ""Financial Bid Opened""}, {""company"": ""AL-DAQQA TRADING AND CONTRACTING COMPANY"", ""offer_type"": ""Main"", ""quoted_value"": ""7627.000"", ""status"": ""Financial Bid Opened""}, {""company"": ""WINNERS INTERNATIONAL TRAD AND CONT CO"", ""offer_type"": ""Main"", ""quoted_value"": ""5506.000"", ""status"": ""Financial Bid Opened""}, {""company"": ""HARWEEL AL AHLIA TRAD"", ""offer_type"": ""Main"", ""quoted_value"": ""6551.895"", ""status"": ""Financial Bid Opened""}, {""company"": ""RONA UNITED"", ""offer_type"": ""Main"", ""quoted_value"": ""4825.800"", ""status"": ""Financial Bid Opened""}, {""company"": ""ALSAHRAA UNITED TRADING AND CONTRACTING COMPANY"", ""offer_type"": ""Main"", ""quoted_value"": ""7145.250"", ""status"": ""Financial Bid Opened""}, {""company"": ""THE PRIDE OF THE DISTINGUISHED HOUSE"", ""offer_type"": ""Main"", ""quoted_value"": ""6237.000"", ""status"": ""Financial Bid Opened""}, {""company"": ""DEVELOPMENT TECHNIQUE"", ""offer_type"": ""Main"", ""quoted_value"": ""6000.000"", ""status"": ""Financial Bid Opened""}, {""company"": ""INTEGRATED RENAISSANCE TOWER"", ""offer_type"": ""Main"", ""quoted_value"": ""5565.000"", ""status"": ""Financial Bid Opened""}, {""company"": ""TASHEEL TRADING SERVICES ESTABLISHMENT"", ""offer_type"": ""Main"", ""quoted_value"": ""6010.000"", ""status"": ""Financial Bid Opened""}, {""company"": ""BAOMAR FOR SERVICES AND CONSTRUCTION"", ""offer_type"": ""Main"", ""quoted_value"": ""5271.000"", ""status"": ""Financial Bid Opened""}, {""company"": ""KAZAAN LOGISTICS SPC"", ""offer_type"": ""Main"", ""quoted_value"": ""6692.700"", ""status"": ""Financial Bid Opened""}, {""company"": ""GULF GENERAL CONTRACTING COMPANY"", ""offer_type"": ""Main"", ""quoted_value"": ""9177.000"", ""status"": ""Financial Bid Opened""}, {""company"": ""ALDILTA ALDUWLIAT LILTIJARAT WALMUQAWALAT COMPANY"", ""offer_type"": ""Main"", ""quoted_value"": ""7371.000"", ""status"": ""Financial Bid Opened""}, {""company"": ""OVERALL PROGRESS BUSINESS"", ""offer_type"": ""Main"", ""quoted_value"": ""7371.000"", ""status"": ""Financial Bid Opened""}, {""company"": ""FAST ENERGY BUSINESS COMPANY"", ""offer_type"": ""Main"", ""quoted_value"": ""4794.300"", ""status"": ""Financial Bid Opened""}, {""company"": ""UNITEDARABEMIRATES"", ""offer_type"": ""Main"", ""quoted_value"": ""9796.500"", ""status"": ""Financial Bid Opened""}, {""company"": ""ETEN LIGHT TRADING COMPANY"", ""offer_type"": ""Main"", ""quoted_value"": ""5184.000"", ""status"": ""Financial Bid Opened""}, {""company"": ""NAGUDAN TOWERS TRANSPORT"", ""offer_type"": ""Main"", ""quoted_value"": ""5722.500"", ""status"": ""Financial Bid Opened""}, {""company"": ""ABDULLAH AHMED ALAMRI TRAD EST"", ""offer_type"": ""Main"", ""quoted_value"": ""4433.100"", ""status"": ""Financial Bid Opened""}, {""company"": ""SHUMUKH AL MAAWIL TRADING"", ""offer_type"": ""Main"", ""quoted_value"": ""7399.000"", ""status"": ""Financial Bid Opened""}, {""company"": ""COMPANY HEIGHT ALJAFNEEN TRADING AND CONT"", ""offer_type"": ""Main"", ""quoted_value"": ""10037.000"", ""status"": ""Financial Bid Opened""}, {""company"": ""MARSA AL NAJAH INTERNATIONAL INVESTMENT CO"", ""offer_type"": ""Main"", ""quoted_value"": ""4485.600"", ""status"": ""Financial Bid Opened""}, {""company"": ""SHAA ALWSHAHTRAANDDCONT"", ""offer_type"": ""Main"", ""quoted_value"": ""7938.000"", ""status"": ""Financial Bid Opened""}, {""company"": ""AL JAZEERAH CONSTRUCTION"", ""offer_type"": ""Main"", ""quoted_value"": ""5222.700"", ""status"": ""Financial Bid Opened""}, {""company"": ""GROOB HIJ"", ""offer_type"": ""Main"", ""quoted_value"": ""7360.000"", ""status"": ""Financial Bid Opened""}, {""company"": ""COMPREHENSIVE SURVEY COMPANY FOR TRADING"", ""offer_type"": ""Main"", ""quoted_value"": ""5880.000"", ""status"": ""Financial Bid Opened""}, {""company"": ""INTEGRATED TRUST FOR BUSINESS SPC"", ""offer_type"": ""Main"", ""quoted_value"": ""4309.200"", ""status"": ""Financial Bid Opened""}, {""company"": ""MOHAMMED ALI AL-ABD AL-MASAHLI FOUNDATION"", ""offer_type"": ""Main"", ""quoted_value"": ""4536.000"", ""status"": ""Financial Bid Opened""}]",[],{},"2026-05-02 01:37:26","2026-05-02 01:37:26"
94,116/2026/MOE/DGWSG-1,"Tender for the preparation a.....","Ministry of Education","Construction and Maintenance [Second]",,"","[{""company"": ""ALLOUS TRADING AND CONTRACTING"", ""offer_type"": ""Main"", ""quoted_value"": ""43476.000"", ""status"": ""Financial Bid Opened""}, {""company"": ""SAWAID DHOFAR TRAD AND CONT CO LLC"", ""offer_type"": ""Main"", ""quoted_value"": ""63100.000"", ""status"": ""Financial Bid Opened""}, {""company"": ""ARDH AL ARAB TRAD AND CONT"", ""offer_type"": ""Main"", ""quoted_value"": ""45450.000"", ""status"": ""Financial Bid Opened""}, {""company"": ""NOUR AL ARBAEEN TRADING AND CONTRACTING ASSOCIATION"", ""offer_type"": ""Main"", ""quoted_value"": ""45400.000"", ""status"": ""Financial Bid Opened""}]","[{""reg_number"": ""00014701"", ""company"": ""EAMR AL-Mustagbal Engineering"", ""company_type"": ""SME"", ""purchase_date"": ""04-03-2026 12:04""}, {""reg_number"": ""00001936"", ""company"": ""ARDH AL ARAB TRAD AND CONT"", ""company_type"": ""SME"", ""purchase_date"": ""04-03-2026 12:54""}, {""reg_number"": ""00001823"", ""company"": ""NOUR AL ARBAEEN TRADING AND CONTRACTING ASSOCIATION"", ""company_type"": ""SME"", ""purchase_date"": ""16-03-2026 20:20""}, {""reg_number"": ""00003054"", ""company"": ""ALLOUS TRADING AND CONTRACTING"", ""company_type"": ""SME"", ""purchase_date"": ""18-03-2026 07:50""}, {""reg_number"": ""00003168"", ""company"": ""SAWAID DHOFAR TRAD AND CONT CO LLC"", ""company_type"": ""SME"", ""purchase_date"": ""20-03-2026 20:09""}]",{},"2026-05-02 01:37:26","2026-05-02 01:37:26"
95,567/2025/MOSD/PMD-18,"Works Preparing a warehouse .....","Ministry of Social Development","Construction and Maintenance [Third,Fourth]",,"","[{""company"": ""NATIONAL WHITELINE LLC"", ""offer_type"": ""Main"", ""quoted_value"": ""12292.500"", ""status"": ""Financial Bid Opened""}, {""company"": ""ANWAR ALYARMOOK TRADENT"", ""offer_type"": ""Main"", ""quoted_value"": ""12428.900"", ""status"": ""Financial Bid Opened""}, {""company"": ""QAWAFIL ALBATINA MODREN"", ""offer_type"": ""Main"", ""quoted_value"": ""14190.000"", ""status"": ""Financial Bid Opened""}, {""company"": ""ALBARAKAH INTERNATIONAL COMPREHENSIVE"", ""offer_type"": ""Main"", ""quoted_value"": ""17989.400"", ""status"": ""Financial Bid Opened""}, {""company"": ""AL RAMOZ ENGINEERING CONTRACTING"", ""offer_type"": ""Main"", ""quoted_value"": ""12562.000"", ""status"": ""Financial Bid Opened""}, {""company"": ""UNITED MODERN CONST"", ""offer_type"": ""Main"", ""quoted_value"": ""9746.000"", ""status"": ""Financial Bid Opened""}, {""company"": ""AL MUZAHMI MODERN TRADING"", ""offer_type"": ""Main"", ""quoted_value"": ""8470.000"", ""status"": ""Financial Bid Opened""}, {""company"": ""TATHMEER FOR TECHNICAL SERVICES AND TRADE"", ""offer_type"": ""Main"", ""quoted_value"": ""8580.000"", ""status"": ""Financial Bid Opened""}]",[],{},"2026-05-02 01:37:26","2026-05-02 01:37:26"
96,977/2026/MOH/HQ-72,"Modification Works in Sohar .....","Ministry of Health","Construction and Maintenance [First,Second]",,"","[{""company"": ""SAI TRADING AND CONSTRCTING"", ""offer_type"": ""Main"", ""quoted_value"": ""224430.360"", ""status"": ""Financial Bid Opened""}, {""company"": ""AMWAJ BUSINESS"", ""offer_type"": ""Main"", ""quoted_value"": ""115885.000"", ""status"": ""Financial Bid Opened""}, {""company"": ""WAHAT AL JZZI FOR TRADING"", ""offer_type"": ""Main"", ""quoted_value"": ""194150.000"", ""status"": ""Financial Bid Opened""}]","[{""reg_number"": ""00005603"", ""company"": ""PEARL ALJAZAA TRAD AND CONT"", ""company_type"": ""SME"", ""purchase_date"": ""14-03-2026 11:02""}, {""reg_number"": ""00011375"", ""company"": ""AMWAJ BUSINESS"", ""company_type"": ""Local"", ""purchase_date"": ""14-03-2026 11:52""}, {""reg_number"": ""00000134"", ""company"": ""WAHAT AL JZZI FOR TRADING"", ""company_type"": ""Local"", ""purchase_date"": ""15-03-2026 01:47""}, {""reg_number"": ""00001087"", ""company"": ""AXIS ENGINEERING"", ""company_type"": ""Local"", ""purchase_date"": ""15-03-2026 14:01""}, {""reg_number"": ""00008742"", ""company"": ""Lamasat Muscat"", ""company_type"": ""Local"", ""purchase_date"": ""17-03-2026 13:55""}, {""reg_number"": ""00000511"", ""company"": ""ALANSARI ENGINEERING SERVICES"", ""company_type"": ""Local"", ""purchase_date"": ""18-03-2026 12:07""}, {""reg_number"": ""00006780"", ""company"": ""SAI TRADING AND CONSTRCTING"", ""company_type"": ""SME"", ""purchase_date"": ""22-03-2026 19:17""}, {""reg_number"": ""00008287"", ""company"": ""HAMOOD BAN ABDULLAH BAN MOHAMMAD ALHARTHI"", ""company_type"": ""SME"", ""purchase_date"": ""24-03-2026 07:57""}, {""reg_number"": ""00001665"", ""company"": ""GOLDEN RAY TRADING AND CONTRACTING"", ""company_type"": ""Local"", ""purchase_date"": ""25-03-2026 10:38""}, {""reg_number"": ""00006203"", ""company"": ""PRECISION SKILLS INTERNATIONAL"", ""company_type"": ""Local"", ""purchase_date"": ""25-03-2026 15:39""}, {""reg_number"": ""00000329"", ""company"": ""RASHAD ESTABLISHMENT"", ""company_type"": ""Local"", ""purchase_date"": ""26-03-2026 14:18""}]",{},"2026-05-02 01:37:26","2026-05-02 01:37:26"
